-- phpMyAdmin SQL Dump
-- version 4.9.0.1
-- https://www.phpmyadmin.net/
--
-- Хост: 127.0.0.1:3306
-- Время создания: Окт 28 2022 г., 02:02
-- Версия сервера: 8.0.15
-- Версия PHP: 7.2.22

SET SQL_MODE = "NO_AUTO_VALUE_ON_ZERO";
SET AUTOCOMMIT = 0;
START TRANSACTION;
SET time_zone = "+00:00";


/*!40101 SET @OLD_CHARACTER_SET_CLIENT=@@CHARACTER_SET_CLIENT */;
/*!40101 SET @OLD_CHARACTER_SET_RESULTS=@@CHARACTER_SET_RESULTS */;
/*!40101 SET @OLD_COLLATION_CONNECTION=@@COLLATION_CONNECTION */;
/*!40101 SET NAMES utf8mb4 */;

--
-- База данных: `some_customers`
--

-- --------------------------------------------------------

--
-- Структура таблицы `address`
--

CREATE TABLE `address` (
  `id` int(11) NOT NULL,
  `customer_id` int(11) NOT NULL,
  `country_id` int(11) DEFAULT NULL,
  `region_id` int(11) DEFAULT NULL,
  `city_id` int(11) DEFAULT NULL,
  `postal_code` varchar(32) CHARACTER SET utf8mb4 COLLATE utf8mb4_general_ci DEFAULT NULL,
  `street` varchar(255) CHARACTER SET utf8mb4 COLLATE utf8mb4_general_ci DEFAULT NULL,
  `building_number` varchar(16) CHARACTER SET utf8mb4 COLLATE utf8mb4_general_ci DEFAULT NULL,
  `status` tinyint(1) NOT NULL DEFAULT '1',
  `is_default` tinyint(1) NOT NULL DEFAULT '0',
  `created_at` timestamp NOT NULL DEFAULT CURRENT_TIMESTAMP,
  `updated_at` timestamp NOT NULL DEFAULT CURRENT_TIMESTAMP
) ENGINE=InnoDB DEFAULT CHARSET=utf8mb4 COLLATE=utf8mb4_general_ci;

--
-- Дамп данных таблицы `address`
--

INSERT INTO `address` (`id`, `customer_id`, `country_id`, `region_id`, `city_id`, `postal_code`, `street`, `building_number`, `status`, `is_default`) VALUES
(512, 1, 1, NULL, 1, '21100', 'Via dolomiti', '13', 1, 0),
(513, 2, 2, NULL, 2, 'RH16 3TQ', 'Cobbetts mead', '31', 1, 0),
(514, 3, 3, NULL, 3, '69493', 'Breitgasse 5a', '', 1, 0),
(515, 4, 2, 1, 4, 'TN6 1ST', 'Ghyll road', '', 1, 0),
(516, 5, 2, NULL, 5, 'NR34 7SH', 'Pepys avenue', '24', 1, 0),
(517, 6, 2, NULL, 6, 'FK6 6BW', 'Leslie park', '', 1, 0),
(518, 7, 2, NULL, 7, 'BS7 0EY', 'Flat 6', '', 1, 0),
(519, 8, 2, NULL, 8, 'NG24 3LL', '38 main street', '', 1, 0),
(520, 9, 1, 2, 9, '60018', 'Via dei larici', '23', 1, 0),
(521, 10, 3, NULL, 10, '40233', 'Langerstr 51', '', 1, 0),
(522, 11, 2, NULL, 11, 'YO31 7YG', 'East parade', '134', 1, 0),
(523, 12, 3, NULL, 12, '01309', 'Geisingstr 29', '', 1, 0),
(524, 13, 4, NULL, 13, '70-812', 'Ul pomorska 105/1', '', 1, 0),
(525, 14, 3, NULL, 14, '24106', 'Charles-roß-ring 20', '', 1, 0),
(526, 15, 2, NULL, 15, 'TN37 7QF', '85 seven acre close', '', 1, 0),
(527, 16, 2, NULL, 16, 'BL5 3WA', 'Madison park', '11', 1, 0),
(528, 17, 2, 3, 17, 'TR1 2DZ', 'Carclew street', '39', 1, 0),
(529, 18, 5, NULL, 18, '7191', 'Rue de l\'hayette /ca correspond a la rue du poirier 35 gps/', '8', 1, 0),
(530, 19, 3, NULL, NULL, '03460', '6230320a', '', 1, 0),
(531, 20, 3, NULL, 19, '65201', 'Rheingaustr 16', '', 1, 0),
(532, 21, 6, NULL, 20, '4280', 'Alterfjellet 18b', '', 1, 0),
(533, 22, 2, 4, 21, 'RH4 3QR', 'Bailey road', '47', 1, 0),
(534, 22, 2, NULL, 21, 'RH4 3QR', '47 bailey road', '', 1, 0),
(535, 23, 3, NULL, 22, '22419', 'Dortmunder str 52', '', 1, 0),
(536, 24, 2, NULL, 23, 'PR5 6EL', 'Station road', '380', 1, 0),
(537, 25, 2, NULL, 24, 'WV6 8LF', 'Sandy hollow', '31', 1, 0),
(538, 26, 2, NULL, 23, 'PR1 5NP', 'Wilbraham street', '102', 1, 0),
(539, 27, 4, NULL, 25, '77-330', 'Kościuszki', '42', 1, 0),
(540, 28, 7, 5, 26, '', 'Eden cottages', '4', 1, 0),
(541, 28, 7, NULL, 26, 'EIRE', '4 eden cottages', '', 1, 0),
(542, 29, 8, NULL, 27, '60190', '175 rue du pre st martin', '', 1, 0),
(543, 30, 2, NULL, 28, 'BB6 7TH', '17 worston lane', '', 1, 0),
(544, 31, 5, NULL, 29, '4081', 'Dicks', '13', 1, 0),
(545, 32, 3, NULL, 30, '65550', 'Habichtstr 3', '', 1, 0),
(546, 33, 9, 6, 31, '3641 BA', 'Bucho van montzimastraat', '19', 1, 0),
(547, 34, 10, NULL, 32, '267 62', 'Osek 2', '', 1, 0),
(548, 35, 1, 7, 33, '29027', 'Via papa giovanni xxiii', '1 - 29', 1, 0),
(549, 35, 11, NULL, 54, '8330', 'Mattenstr 22', '', 1, 0),
(550, 35, 8, NULL, 110, '75015', '-', '', 1, 0),
(551, 35, 5, 22, 125, '2250', 'Industrielaan 18', '', 1, 0),
(552, 35, 3, 41, 222, '54516', 'Petrusstr 20', '', 1, 0),
(553, 35, 3, NULL, 269, '53474', 'Max - planck - strasse 1', '', 1, 0),
(554, 35, 2, NULL, NULL, '', '', '', 1, 0),
(555, 35, 3, NULL, 411, '01445', 'August-bebel-str 24', '', 1, 0),
(556, 35, 8, NULL, NULL, '', '', '', 1, 0),
(557, 35, 3, 77, 506, '44149', 'Wulfshof str 1', '', 1, 0),
(558, 35, 3, NULL, 708, '54429', 'Bahnhofstr 17', '', 1, 0),
(559, 35, 8, NULL, NULL, '', '', '', 1, 0),
(560, 35, 8, NULL, 783, '75008', '49/51 rue de ponthieu', '', 1, 0),
(561, 35, 3, NULL, 844, '26340', 'Ellens 2', '', 1, 0),
(562, 36, 3, NULL, 34, '65439', 'Hauptstr 38', '', 1, 0),
(563, 37, 9, NULL, 35, '2625 RL', 'Beethovenlaan', '155', 1, 0),
(564, 38, 8, NULL, 36, '69600', '13 rue salvador allende', '', 1, 0),
(565, 39, 7, NULL, 37, 'R93 E3H7', 'Crossneen manor leighlin road', '36', 1, 0),
(566, 40, 2, NULL, 38, 'ST6 8AN', 'Hesketh avenue', '1', 1, 0),
(567, 41, 1, NULL, 39, '23857', 'Via alessandro manzoni', '1', 1, 0),
(568, 42, 2, NULL, 40, 'G43 2RJ', 'Hillpark drive', '165', 1, 0),
(569, 43, 2, 8, 41, 'DY2 8EF', 'Buffery road', '90', 1, 0),
(570, 43, 2, NULL, 41, 'DY2 8EF', 'Buffery road', '90', 1, 0),
(571, 44, 5, NULL, 42, '4190', 'Rue du vieux tilleul', '1', 1, 0),
(572, 45, 3, NULL, 43, '10585', 'Richard wagner str 44', '', 1, 0),
(573, 45, 3, NULL, 43, '10585', 'Richard wagner', 'str 44', 1, 0),
(574, 46, 8, NULL, 44, '44230', '22 rue du général duez', '', 1, 0),
(575, 46, 8, NULL, 700, '44230', '22 rue du gal duez', '', 1, 0),
(576, 47, 4, NULL, 45, '99-999', 'W', '4', 1, 0),
(577, 48, 2, NULL, 46, 'AB21 9DD', 'University court', '22', 1, 0),
(578, 49, 2, 9, 47, 'LL18 4QA', 'Maes y gog', '24', 1, 0),
(579, 50, 2, NULL, 48, 'CR5 3NH', 'Sunnyfield', '', 1, 0),
(580, 51, 5, NULL, 49, '1150', 'Rue konkel', '171/8', 1, 0),
(581, 52, 2, NULL, 50, 'CO4 9SY', 'Fir tree close', '8', 1, 0),
(582, 53, 5, NULL, 51, '1502', 'Prinsenbos', '269', 1, 0),
(583, 54, 1, NULL, 52, '55049', 'Via dei lecci 71', '', 1, 0),
(584, 55, 2, 10, 53, 'PO16 7YF', 'Coghlan close', '4', 1, 0),
(585, 56, 1, 7, 33, '29027', 'Via papa giovanni xxiii', '1 - 29', 1, 0),
(586, 56, 11, NULL, 54, '8330', 'Mattenstr 22', '', 1, 0),
(587, 56, 8, NULL, 110, '75015', '-', '', 1, 0),
(588, 56, 5, 22, 125, '2250', 'Industrielaan 18', '', 1, 0),
(589, 56, 3, 41, 222, '54516', 'Petrusstr 20', '', 1, 0),
(590, 56, 3, NULL, 269, '53474', 'Max - planck - strasse 1', '', 1, 0),
(591, 56, 2, NULL, NULL, '', '', '', 1, 0),
(592, 56, 3, NULL, 411, '01445', 'August-bebel-str 24', '', 1, 0),
(593, 56, 8, NULL, NULL, '', '', '', 1, 0),
(594, 56, 3, 77, 506, '44149', 'Wulfshof str 1', '', 1, 0),
(595, 56, 3, NULL, 708, '54429', 'Bahnhofstr 17', '', 1, 0),
(596, 56, 8, NULL, NULL, '', '', '', 1, 0),
(597, 56, 8, NULL, 783, '75008', '49/51 rue de ponthieu', '', 1, 0),
(598, 56, 3, NULL, 844, '26340', 'Ellens 2', '', 1, 0),
(599, 57, 8, NULL, NULL, '', '', '', 1, 0),
(600, 58, 2, NULL, 55, 'B27 6PL', 'Warwick road', '1234', 1, 0),
(601, 59, 2, NULL, 56, 'PO21 5NA', '17 mayfield road', '', 1, 0),
(602, 60, 8, NULL, 57, '26240', '315 rue des potiers', '', 1, 0),
(603, 61, 2, NULL, 55, 'B31 1TF', 'Flat 2 55 honiton crescent', '', 1, 0),
(604, 62, 8, NULL, 58, '95870', '6 rue ambroise pare', '', 1, 0),
(605, 63, 3, NULL, 59, '68259', 'Wingertsau 9', '', 1, 0),
(606, 64, 8, NULL, 60, '22520', '21 rue jean-louis heurtel', '', 1, 0),
(607, 65, 2, NULL, 61, 'S71 3DS', '83 ollerton road', '', 1, 0),
(608, 66, 8, NULL, 62, '17000', '87 avenue aristide briand', '', 1, 0),
(609, 67, 2, NULL, 63, 'BH1 4HD', 'Walpole road', '18', 1, 0),
(610, 68, 2, NULL, 64, 'CB5 8LY', '128a whitehill road', '', 1, 0),
(611, 69, 2, NULL, 65, 'RG12 7YX', 'Orion', '13', 1, 0),
(612, 70, 2, NULL, 66, 'HD5 8BN', 'Ravensknowle road', '30', 1, 0),
(613, 71, 1, 11, 67, '21052', 'Piazza giuseppe garibaldi', '1', 1, 0),
(614, 72, 7, 12, 68, 'DON013', 'Clonbeg', '', 1, 0),
(615, 73, 2, NULL, 69, 'MK5 7GD', '51 walbank grove', '', 1, 0),
(616, 74, 2, NULL, 70, 'WA16 0EB', '16 cranford avenue', '', 1, 0),
(617, 75, 1, 13, 71, '73013', 'Via gallipoli', '329', 1, 0),
(618, 76, 1, NULL, 72, '50141', 'Via aligi barducci', '44', 1, 0),
(619, 77, 2, NULL, 73, 'SW9 8DW', 'Flat 10 daisy dormer court', '', 1, 0),
(620, 78, 1, NULL, 74, '40050', 'Via quattro portoni 9', '', 1, 0),
(621, 79, 2, NULL, 75, 'SP9 7FE', 'Clarendon court', '4', 1, 0),
(622, 80, 12, NULL, 76, '08015', 'Tarragona 106 7-2', '', 1, 0),
(623, 81, 2, NULL, 73, 'N12 9TJ', 'Torrington park', '', 1, 0),
(624, 82, 1, 14, 77, '89013', 'Viale don sturzo', '23 bis', 1, 0),
(625, 83, 3, NULL, 78, '73540', 'Beurener str 24/1', '', 1, 0),
(626, 84, 4, NULL, 79, '27-530', 'Wojciechówka 2', '', 1, 0),
(627, 85, 3, NULL, 80, '09306', 'Rochlitzer str 18', '', 1, 0),
(628, 86, 1, NULL, 81, '07100', 'Via crispatzu 5', '', 1, 0),
(629, 87, 8, NULL, 82, '94400', '8 all de la croix du mont', '', 1, 0),
(630, 88, 2, NULL, 83, 'OL11 5TG', 'Harewood road', '2', 1, 0),
(631, 89, 2, NULL, 84, 'SL1 2QT', 'King edward street', '25', 1, 0),
(632, 90, 3, NULL, 85, '49448', 'Hauptstr 69', '', 1, 0),
(633, 91, 10, NULL, 86, '108 00', 'Malesicka 96', '', 1, 0),
(634, 92, 3, NULL, NULL, '10407', '3587010a', '', 1, 0),
(635, 93, 2, NULL, 87, 'LL53 7ET', 'Rhianfa', '', 1, 0),
(636, 94, 13, NULL, 88, '117 32', 'Heleneborgsgatan 10 b 3tr', '', 1, 0),
(637, 95, 2, NULL, 89, 'SS6 8HQ', 'Nelson road', '59', 1, 0),
(638, 96, 2, NULL, 55, 'B26 3ST', 'Cranes park road', '100/100', 1, 0),
(639, 97, 3, NULL, NULL, '02733', '4528700a', '', 1, 0),
(640, 98, 2, NULL, 90, 'CF37 4AG', 'Mackintosh road', '1', 1, 0),
(641, 99, 3, NULL, NULL, '01330', '5526500a', '', 1, 0),
(642, 100, 8, NULL, 91, '92130', '41 rue marcel miquel', '', 1, 0),
(643, 101, 7, 15, 92, '', 'Hogan avenue', '35', 1, 0),
(644, 102, 8, NULL, 93, '85310', '11 rue st joseph', '', 1, 0),
(645, 103, 14, 16, 94, '9421', 'Fő utca 6 /b', '', 1, 0),
(646, 104, 2, NULL, 95, 'KA3 2EG', 'Todhill avenue', '1', 1, 0),
(647, 105, 1, NULL, 96, '26032', 'Via molini 25', '', 1, 0),
(648, 106, 4, NULL, 45, '99-999', 'N', '2', 1, 0),
(649, 107, 8, NULL, 97, '74960', '9 allee des cedres', '', 1, 0),
(650, 108, 3, NULL, 98, '64560', 'Lessingstrasse 17', '', 1, 0),
(651, 109, 8, NULL, 99, '57365', 'Rue alexandre borrelly', '', 1, 0),
(652, 110, 1, 17, 100, '27010', 'Via enrico berlinguer', '', 1, 0),
(653, 111, 3, NULL, 101, '18147', 'Zum lebensbaum 20', '', 1, 0),
(654, 112, 3, NULL, 102, '52445', 'Lindenstraße 1f', '', 1, 0),
(655, 113, 8, NULL, NULL, '', '', '', 1, 0),
(656, 114, 8, NULL, 103, '91340', '48 chaemin du bois robert', '', 1, 0),
(657, 115, 2, NULL, 40, 'G33 1RH', 'Briarcroft road', '120', 1, 0),
(658, 116, 3, NULL, 104, '50678', 'Severinstr 58', '', 1, 0),
(659, 117, 4, NULL, 105, '26-020', 'Kotlice 32', '', 1, 0),
(660, 118, 2, 18, 106, 'CT21 5SH', 'Springfield way', '21', 1, 0),
(661, 119, 12, NULL, 107, '28939', 'C/ jabia no 16', '', 1, 0),
(662, 120, 3, NULL, 108, '15566', 'Stockholmer straße', '13', 1, 0),
(663, 120, 3, NULL, 108, '15566', 'Stockholmer straße 13', '', 1, 0),
(664, 121, 11, NULL, 109, '6962', 'Via al fiume', '3b', 1, 0),
(665, 122, 1, 7, 33, '29027', 'Via papa giovanni xxiii', '1 - 29', 1, 0),
(666, 122, 11, NULL, 54, '8330', 'Mattenstr 22', '', 1, 0),
(667, 122, 8, NULL, 110, '75015', '-', '', 1, 0),
(668, 122, 5, 22, 125, '2250', 'Industrielaan 18', '', 1, 0),
(669, 122, 3, 41, 222, '54516', 'Petrusstr 20', '', 1, 0),
(670, 122, 3, NULL, 269, '53474', 'Max - planck - strasse 1', '', 1, 0),
(671, 122, 2, NULL, NULL, '', '', '', 1, 0),
(672, 122, 3, NULL, 411, '01445', 'August-bebel-str 24', '', 1, 0),
(673, 122, 8, NULL, NULL, '', '', '', 1, 0),
(674, 122, 3, 77, 506, '44149', 'Wulfshof str 1', '', 1, 0),
(675, 122, 3, NULL, 708, '54429', 'Bahnhofstr 17', '', 1, 0),
(676, 122, 8, NULL, NULL, '', '', '', 1, 0),
(677, 122, 8, NULL, 783, '75008', '49/51 rue de ponthieu', '', 1, 0),
(678, 122, 3, NULL, 844, '26340', 'Ellens 2', '', 1, 0),
(679, 123, 2, NULL, 111, 'SN11 0HJ', 'North street', '99', 1, 0),
(680, 124, 9, NULL, 112, '1063 XT', 'Hermanus coenradistraat', '22', 1, 0),
(681, 125, 3, NULL, 43, '10319', 'Balatonstr 2', '', 1, 0),
(682, 126, 2, 19, 113, 'ST5 3RQ', 'Beresford crescent', '63', 1, 0),
(683, 127, 1, 20, 114, '24122', 'Via sant\'alessandro', '6', 1, 0),
(684, 128, 2, NULL, 115, 'TA1 5FF', 'Desmond rochford way', '64', 1, 0),
(685, 129, 2, NULL, 116, 'TW4 6AB', 'Gloucester road', '14', 1, 0),
(686, 130, 2, NULL, 117, 'BS1 5SP', '38 college green', '', 1, 0),
(687, 131, 2, NULL, 118, 'RM2 6HX', 'Upper brentwood road', '546', 1, 0),
(688, 132, 2, NULL, 119, 'CV8 1FZ', '26 leycester road', '', 1, 0),
(689, 133, 2, NULL, 120, 'RH15 9UL', 'Sparrow way', '42', 1, 0),
(690, 134, 2, NULL, 121, 'TS20 2PA', '68 greylands avenue', '', 1, 0),
(691, 135, 12, NULL, 122, '08800', 'Calle joan llaverias 1 1 2', '', 1, 0),
(692, 136, 2, NULL, 123, 'JE2 3LX', '6 orchard mews', '', 1, 0),
(693, 137, 1, 21, 124, '25040', 'Via battista polonioli', '3', 1, 0),
(694, 138, 1, 7, 33, '29027', 'Via papa giovanni xxiii', '1 - 29', 1, 0),
(695, 138, 11, NULL, 54, '8330', 'Mattenstr 22', '', 1, 0),
(696, 138, 8, NULL, 110, '75015', '-', '', 1, 0),
(697, 138, 5, 22, 125, '2250', 'Industrielaan 18', '', 1, 0),
(698, 138, 3, 41, 222, '54516', 'Petrusstr 20', '', 1, 0),
(699, 138, 3, NULL, 269, '53474', 'Max - planck - strasse 1', '', 1, 0),
(700, 138, 2, NULL, NULL, '', '', '', 1, 0),
(701, 138, 3, NULL, 411, '01445', 'August-bebel-str 24', '', 1, 0),
(702, 138, 8, NULL, NULL, '', '', '', 1, 0),
(703, 138, 3, 77, 506, '44149', 'Wulfshof str 1', '', 1, 0),
(704, 138, 3, NULL, 708, '54429', 'Bahnhofstr 17', '', 1, 0),
(705, 138, 8, NULL, NULL, '', '', '', 1, 0),
(706, 138, 8, NULL, 783, '75008', '49/51 rue de ponthieu', '', 1, 0),
(707, 138, 3, NULL, 844, '26340', 'Ellens 2', '', 1, 0),
(708, 139, 3, NULL, 126, '68535', 'Heinrich-heine-str 15', '', 1, 0),
(709, 140, 3, NULL, 127, '06712', 'Görnitzer str 66', '', 1, 0),
(710, 141, 2, NULL, 128, 'LS18 5DT', '13 broadgate avenue', '', 1, 0),
(711, 142, 1, 23, 129, '20077', 'Via marsala', '21', 1, 0),
(712, 143, 7, 24, 130, 'COR177', 'Avoch', '', 1, 0),
(713, 144, 11, NULL, 131, '3665', 'Postgasse 12', '', 1, 0),
(714, 145, 2, NULL, 132, 'BR1 4QS', '15 roslin way', '', 1, 0),
(715, 146, 2, 25, 133, 'AL10 0JQ', 'Corncroft', '4', 1, 0),
(716, 147, 2, 26, 134, 'KA9 1TU', 'Pleasantfield road', '28', 1, 0),
(717, 148, 7, 15, 135, '', 'Knockbrine', '', 1, 0),
(718, 149, 3, NULL, 136, '74372', 'Ludwigstr 12/1', '', 1, 0),
(719, 150, 3, NULL, 43, '10115', 'Invalidenstr 150', '', 1, 0),
(720, 151, 6, NULL, 137, '0000', 'A', '', 1, 0),
(721, 152, 2, 27, 138, 'CM15 8BN', 'Shenfield crescent', '6', 1, 0),
(722, 153, 1, NULL, NULL, '', '', '', 1, 0),
(723, 154, 9, NULL, 139, '7328 AS', 'Rietdekkersdreef', '933', 1, 0),
(724, 155, 3, NULL, 140, '06343', 'Obere dorfstr', '15', 1, 0),
(725, 156, 8, NULL, 141, '59220', '34 bis rue roger salengro', '', 1, 0),
(726, 157, 2, 28, 142, 'CV32 7JS', 'Broadway', '65', 1, 0),
(727, 158, 2, NULL, 143, 'SA32 7DU', 'Old school house', '', 1, 0),
(728, 159, 8, NULL, 144, '14600', '8 lotissement beerblock', '', 1, 0),
(729, 160, 2, NULL, 145, 'PO6 4TD', 'Cadgwith place', '19', 1, 0),
(730, 161, 2, 29, 146, 'DN21 2PR', 'Burns street', '36', 1, 0),
(731, 162, 8, NULL, 147, '93000', '119 av jean jaures', '', 1, 0),
(732, 163, 2, NULL, 148, 'KY11 8FH', 'Inverewe place', '21', 1, 0),
(733, 164, 2, NULL, 113, 'ST5 7SF', 'Smallwood close', '8', 1, 0),
(734, 165, 3, NULL, 149, '39435', 'Krumme str 1', '', 1, 0),
(735, 166, 3, NULL, 150, '37619', 'Poststr 13', '', 1, 0),
(736, 167, 2, NULL, 151, 'TA6 6DQ', '2 carpathian way', '', 1, 0),
(737, 168, 3, NULL, NULL, '02182', '8741820a', '', 1, 0),
(738, 169, 2, NULL, 152, 'CF5 3DJ', 'Everswell road', '66', 1, 0),
(739, 170, 7, 30, 153, 'H53 YV50', 'Garbally oaks', '44', 1, 0),
(740, 171, 2, NULL, 154, 'NG10 1AP', 'Lodge road', '57', 1, 0),
(741, 172, 6, NULL, 155, '0554', 'Markveien 21b', '', 1, 0),
(742, 173, 2, NULL, 156, 'BN26 8DX', 'Bembridgeroad', '7', 1, 0),
(743, 174, 5, NULL, 157, '4430', 'Rue lambert dewand', '217', 1, 0),
(744, 175, 8, NULL, 110, '75019', '04 rue du général brunet', '', 1, 0),
(745, 176, 9, NULL, 158, '6841 BB', 'Gelderse rooslaan', '173', 1, 0),
(746, 177, 2, NULL, 159, 'TR6 0DB', 'Budnic estate', '24', 1, 0),
(747, 178, 3, NULL, 160, '26723', 'Robert-bunsen-straße 1b', '1b', 1, 0),
(748, 179, 8, NULL, 161, '35400', '26 rue de verdun', '', 1, 0),
(749, 180, 2, NULL, 73, 'E17 4PR', 'Bromley road', '35', 1, 0),
(750, 181, 2, NULL, 162, 'PR26 9SD', 'Coniston way', '9', 1, 0),
(751, 182, 2, NULL, 163, 'NE5 5NQ', 'Brendale avenue', '26', 1, 0),
(752, 183, 3, NULL, 164, '42719', 'Karl-haberland-str 23', '', 1, 0),
(753, 184, 2, NULL, 165, 'L14 7PF', 'Churchdown road', '97', 1, 0),
(754, 185, 9, NULL, 166, '4141 CX', 'Jan van arkelstraat', '5', 1, 0),
(755, 186, 2, 31, 167, 'KY1 3AT', 'Quarry brae', '7', 1, 0),
(756, 187, 2, NULL, 168, 'RM10 9XX', 'Wellington drive', '16', 1, 0),
(757, 188, 2, NULL, 169, 'SS9 2AH', '1166a london road', '', 1, 0),
(758, 189, 2, NULL, NULL, '', '90 shipman road', '', 1, 0),
(759, 190, 15, NULL, 170, '83150', 'Haiskuntie 19 b', '', 1, 0),
(760, 191, 2, NULL, 171, 'BD17 6JH', 'Crowtree close', '1', 1, 0),
(761, 192, 2, NULL, 172, 'NG15 7GN', '79 sandy lane', '', 1, 0),
(762, 193, 8, NULL, 173, '55200', '5 rue de la gare', '', 1, 0),
(763, 194, 2, 3, 174, 'TR20 8JW', 'Godolphin road', '5', 1, 0),
(764, 195, 3, NULL, 175, '26382', 'Schillerstr 13', '', 1, 0),
(765, 196, 2, NULL, 73, 'NW10 8BA', 'Harley road', '25', 1, 0),
(766, 197, 2, NULL, NULL, 'BA3 3NB', 'Manor park', '4', 1, 0),
(767, 198, 2, 32, 176, 'YO12 5RA', 'Lady ediths avenue', '69', 1, 0),
(768, 199, 9, NULL, 177, '2643 KJ', 'Speenkruid', '2', 1, 0),
(769, 200, 2, NULL, 178, 'SS9 4JY', '12 shirley road', '', 1, 0),
(770, 201, 10, NULL, 179, '671 78', 'Litobratrice', '176', 1, 0),
(771, 201, 10, NULL, 662, '671 78', '176', '', 1, 0),
(772, 202, 12, NULL, 180, '08780', 'Calle argentina 1', '', 1, 0),
(773, 203, 1, 33, 181, '40026', 'Viale innocenzo francucci', '8', 1, 0),
(774, 204, 2, NULL, 182, 'GU5 9EG', 'Oakley cottage', '', 1, 0),
(775, 205, 2, NULL, 183, 'FK2 0GJ', '9 standrigg gardens', '', 1, 0),
(776, 206, 2, NULL, 184, 'BH21 1UR', 'Flat 18 marlborough court', '', 1, 0),
(777, 207, 3, NULL, 185, '65597', 'Mühlstr 42', '', 1, 0),
(778, 208, 3, NULL, 186, '98529', 'Richard-strauss-str 41a', '', 1, 0),
(779, 209, 15, NULL, NULL, '02230', '', '', 1, 0),
(780, 210, 8, NULL, 187, '06100', '4 av julien', '', 1, 0),
(781, 211, 8, NULL, 188, '68200', '3 avenue dmc', '', 1, 0),
(782, 212, 2, NULL, 73, 'N18 2TJ', '210 langhedge lane', '', 1, 0),
(783, 213, 2, NULL, NULL, 'CR8 5BY', 'Valley road', '59', 1, 0),
(784, 214, 2, NULL, 189, 'MK42 0HW', 'Hazelwood road', '32', 1, 0),
(785, 215, 3, NULL, 190, '90766', 'Vacher str', '12', 1, 0),
(786, 216, 2, NULL, NULL, 'KY7 6XP', 'Mearns court', '152/152', 1, 0),
(787, 217, 2, NULL, 73, 'SE12 9HX', 'Pitfold road', '28', 1, 0),
(788, 218, 3, NULL, 43, '10585', 'Richard wagner str 44', '', 1, 0),
(789, 218, 3, NULL, 43, '10585', 'Richard wagner', 'str 44', 1, 0),
(790, 219, 5, NULL, 191, '1640', 'Francinelaan', '6', 1, 0),
(791, 220, 2, NULL, NULL, 'YO31 1EE', 'Elmlands grove', '4', 1, 0),
(792, 221, 2, NULL, 73, 'NW9 7AT', 'Stuart avenue', '58', 1, 0),
(793, 222, 2, NULL, 73, 'SE16 7TT', 'Plover way', '56', 1, 0),
(794, 223, 2, 34, 192, 'RG14 6SL', 'Meldrum close', '11', 1, 0),
(795, 224, 2, NULL, 193, 'NE61 2XS', '10 marden close', '', 1, 0),
(796, 225, 2, 35, 194, 'LL31 9AU', 'Cilgwyn', '5', 1, 0),
(797, 226, 2, NULL, 40, 'G15 6DQ', 'Stonedyke grove', '22', 1, 0),
(798, 227, 3, NULL, 195, '33106', 'Germanenstr', '14', 1, 0),
(799, 228, 4, NULL, 196, '37-514', 'Południowa 73', '', 1, 0),
(800, 229, 3, NULL, 197, '56072', 'Gulisastr 53', '', 1, 0),
(801, 229, 3, NULL, 197, '56072', 'Gulisastr', '53', 1, 0),
(802, 230, 2, NULL, 198, 'TS12 2WN', 'Wensleydale', '12', 1, 0),
(803, 231, 2, NULL, 55, 'B17 9RE', 'Serpentine road', '28', 1, 0),
(804, 232, 2, NULL, 61, 'S70 4SS', 'Pantry green', '10', 1, 0),
(805, 233, 8, NULL, 199, '16430', 'Route de coursac 25', '', 1, 0),
(806, 234, 2, NULL, 200, 'CM7 5RB', 'Glebe avenue', '34', 1, 0),
(807, 235, 2, NULL, 40, 'G66 4AQ', 'Westergreens avenue', '43', 1, 0),
(808, 236, 2, 36, 201, 'DN4 6AL', 'Highbury crescent', '24', 1, 0),
(809, 237, 2, NULL, 202, 'BT54 6BE', 'The everglades', '4a', 1, 0),
(810, 238, 8, NULL, 203, '54121', '5 bis rue des vignes', '', 1, 0),
(811, 239, 3, NULL, 204, '39539', 'Breite str', '4', 1, 0),
(812, 240, 1, 37, 205, '01030', 'Localitçä sandali snc', '', 1, 0),
(813, 241, 2, NULL, 189, 'MK44 1SG', 'Riverside view', '2', 1, 0),
(814, 242, 4, NULL, 206, '32-065', 'Zimna woda 11', '', 1, 0),
(815, 243, 12, NULL, 207, '28028', 'Calle cartagena 34 3b', '', 1, 0),
(816, 244, 2, 38, 208, 'PE19 2TZ', 'Ferrars avenue', '57', 1, 0),
(817, 245, 8, NULL, 209, '71150', '2 b rue des champs', '', 1, 0),
(818, 246, 1, 39, 210, '28061', 'Via san nazzaro 22', '', 1, 0),
(819, 247, 2, NULL, 73, 'SE26 6UG', 'Crystal palace park road', '54', 1, 0),
(820, 248, 3, NULL, 104, '50931', 'Theresienstr', '59', 1, 0),
(821, 248, 3, NULL, 104, '50931', 'Theresienstr 59', '', 1, 0),
(822, 249, 2, 27, 138, 'CM15 0AX', 'Great fox meadow', '65', 1, 0),
(823, 250, 2, NULL, 211, 'SO32 1AQ', 'Garfield close', '11', 1, 0),
(824, 251, 4, NULL, 212, '86-022', 'Tęczowa 20a', '', 1, 0),
(825, 252, 4, NULL, NULL, '', '', '', 1, 0),
(826, 253, 10, NULL, 213, '468 01', 'Kastanova 4485', '', 1, 0),
(827, 254, 2, NULL, 214, 'FY4 4XY', 'West side', '15', 1, 0),
(828, 255, 10, NULL, 215, '344 01', 'Draženov 67', '', 1, 0),
(829, 256, 1, NULL, 216, '64018', 'Via panoramica', '23', 1, 0),
(830, 257, 2, NULL, 217, 'LS25 1LQ', 'Grangefield court', '22', 1, 0),
(831, 258, 2, 40, 218, 'BT78 3SR', 'Woodview crescent', '27', 1, 0),
(832, 259, 2, NULL, 117, 'BS4 2JP', '48 cleeve road knowle', '', 1, 0),
(833, 260, 2, NULL, 219, 'TN22 5NX', 'South view', '', 1, 0),
(834, 261, 2, NULL, 220, 'LE2 7JL', 'Burnmoor street', '69', 1, 0),
(835, 262, 16, NULL, 221, '', 'Прт гагарина 176 корп 8 кв 63', '', 1, 0),
(836, 263, 1, 7, 33, '29027', 'Via papa giovanni xxiii', '1 - 29', 1, 0),
(837, 263, 11, NULL, 54, '8330', 'Mattenstr 22', '', 1, 0),
(838, 263, 8, NULL, 110, '75015', '-', '', 1, 0),
(839, 263, 5, 22, 125, '2250', 'Industrielaan 18', '', 1, 0),
(840, 263, 3, 41, 222, '54516', 'Petrusstr 20', '', 1, 0),
(841, 263, 3, NULL, 269, '53474', 'Max - planck - strasse 1', '', 1, 0),
(842, 263, 2, NULL, NULL, '', '', '', 1, 0),
(843, 263, 3, NULL, 411, '01445', 'August-bebel-str 24', '', 1, 0),
(844, 263, 8, NULL, NULL, '', '', '', 1, 0),
(845, 263, 3, 77, 506, '44149', 'Wulfshof str 1', '', 1, 0),
(846, 263, 3, NULL, 708, '54429', 'Bahnhofstr 17', '', 1, 0),
(847, 263, 8, NULL, NULL, '', '', '', 1, 0),
(848, 263, 8, NULL, 783, '75008', '49/51 rue de ponthieu', '', 1, 0),
(849, 263, 3, NULL, 844, '26340', 'Ellens 2', '', 1, 0),
(850, 264, 8, NULL, 223, '47270', 'Lieu dit st damien', '', 1, 0),
(851, 265, 1, 42, 224, '36070', 'Via fondo valle 5', 'trissino', 1, 0),
(852, 266, 3, NULL, 225, '44628', 'Diedrichstr 40', '', 1, 0),
(853, 267, 2, 28, 226, 'CV23 9DD', 'Tee tong road', '56', 1, 0),
(854, 268, 7, NULL, 227, '', 'Ardeamush', '', 1, 0),
(855, 269, 2, 18, 228, 'CT7 0NA', 'Frost lane', '', 1, 0),
(856, 270, 10, NULL, 229, '264 01', '28 rijna 176', '', 1, 0),
(857, 271, 8, NULL, 230, '34070', '816 rue de centrayrargues', '', 1, 0),
(858, 272, 9, NULL, 231, '8271 JZ', 'Laanzicht', '81', 1, 0),
(859, 273, 5, NULL, NULL, '', '', '', 1, 0),
(860, 274, 5, NULL, NULL, '0000', '', '', 1, 0),
(861, 275, 6, NULL, 232, '8215', 'Trivselsveien 215', '', 1, 0),
(862, 276, 10, NULL, 233, '561 63', 'Nekoř 361', '', 1, 0),
(863, 277, 8, NULL, 234, '68460', '3 rue de l\'\'hiver', '', 1, 0),
(864, 278, 9, NULL, 235, '1213 TR', 'Utrechtseweg', '209', 1, 0),
(865, 279, 2, NULL, 236, 'CH1 4DG', 'Whipcord lane', '123', 1, 0),
(866, 280, 3, NULL, 237, '37235', 'Magdeburger strasse', '7', 1, 0),
(867, 281, 2, NULL, 238, 'ML1 3NE', 'Lamlash place', '28', 1, 0),
(868, 282, 2, NULL, 239, 'UB4 9EB', '128 larch crescent', '', 1, 0),
(869, 283, 8, NULL, 240, '53350', 'Le hardas', '', 1, 0),
(870, 284, 1, 7, 241, '29122', 'Via ferruccio tansini', '18', 1, 0),
(871, 285, 4, NULL, 242, '23-440', 'Sokołówka', '73', 1, 0),
(872, 286, 6, NULL, 243, '6963', 'Bjerkelia', '', 1, 0),
(873, 287, 3, NULL, 197, '56072', 'Gulisastr 53', '', 1, 0),
(874, 287, 3, NULL, 197, '56072', 'Gulisastr', '53', 1, 0),
(875, 288, 3, NULL, 244, '40764', 'Wiesenstr 12', '', 1, 0),
(876, 289, 2, NULL, 245, 'WD6 5PT', 'Sunnyside cottage', '', 1, 0),
(877, 290, 2, NULL, 246, 'CT19 5TL', 'William avenue', '11', 1, 0),
(878, 291, 12, NULL, 247, '15871', 'C entre pontes n34 casa', '', 1, 0),
(879, 292, 3, NULL, 248, '56133', 'Gartenweg 3', '', 1, 0),
(880, 293, 1, 43, 249, '20865', 'Via cottolengo', '2', 1, 0),
(881, 294, 2, 44, 250, 'NR28 9TH', 'Bears road', '10', 1, 0),
(882, 295, 2, NULL, 73, 'W6 0JS', 'Studland street', '36', 1, 0),
(883, 296, 2, NULL, 251, 'MK16 8SR', 'Flora thompson drive', '55', 1, 0),
(884, 297, 7, NULL, 252, 'D08 W8X0', 'Greenville terrace', '47', 1, 0),
(885, 298, 1, NULL, 253, '25040', 'Via cesare battisti', '7', 1, 0),
(886, 299, 2, 45, 254, 'IV30 6UQ', 'Edgar road', '', 1, 0),
(887, 300, 3, NULL, 255, '30982', 'Hornfeld 14a', '', 1, 0),
(888, 301, 8, NULL, 256, '63100', '11 rue montorcier', '', 1, 0),
(889, 302, 2, NULL, 55, 'B33 9RA', 'Hurstcroft road', '115', 1, 0),
(890, 303, 7, 46, 257, '', '', '', 1, 0),
(891, 304, 2, 19, 258, 'B77 4DF', 'Goldsborough', '79', 1, 0),
(892, 305, 8, NULL, 259, '78370', '2100 rue de la boissiere', '', 1, 0),
(893, 306, 2, NULL, 260, 'PA72LU', 'Slate barn', '', 1, 0),
(894, 306, 2, NULL, 295, 'PE7 2LU', 'Slate barn drove', '', 1, 0),
(895, 307, 2, 8, 261, 'B76 2UU', 'Berryfields road', '52', 1, 0),
(896, 308, 1, 47, 262, '46032', 'Via giuseppe franchetti', '41', 1, 0),
(897, 309, 2, 48, 263, 'RH12 4SQ', 'Faygate lane', '', 1, 0),
(898, 310, 13, NULL, 264, '415 09', 'Fullmånegatan 32', '', 1, 0),
(899, 311, 3, NULL, NULL, '03588', '5234020a', '', 1, 0),
(900, 312, 2, NULL, 265, 'BN3 5LB', 'Ingram crescent east', '', 1, 0),
(901, 313, 2, NULL, 66, 'HD3 4QX', '19 dale view', '', 1, 0),
(902, 314, 2, NULL, 40, 'G74 2BX', 'Skye', '53', 1, 0),
(903, 315, 2, 10, 266, 'GU35 8ND', 'Churchill crescent', '8', 1, 0),
(904, 316, 2, NULL, 267, 'DD9 7TA', 'High street', '49', 1, 0),
(905, 317, 5, NULL, 268, '9000', 'Ambachtstraat', '5', 1, 0),
(906, 318, 1, 7, 33, '29027', 'Via papa giovanni xxiii', '1 - 29', 1, 0),
(907, 318, 11, NULL, 54, '8330', 'Mattenstr 22', '', 1, 0),
(908, 318, 8, NULL, 110, '75015', '-', '', 1, 0),
(909, 318, 5, 22, 125, '2250', 'Industrielaan 18', '', 1, 0),
(910, 318, 3, 41, 222, '54516', 'Petrusstr 20', '', 1, 0),
(911, 318, 3, NULL, 269, '53474', 'Max - planck - strasse 1', '', 1, 0),
(912, 318, 2, NULL, NULL, '', '', '', 1, 0),
(913, 318, 3, NULL, 411, '01445', 'August-bebel-str 24', '', 1, 0),
(914, 318, 8, NULL, NULL, '', '', '', 1, 0),
(915, 318, 3, 77, 506, '44149', 'Wulfshof str 1', '', 1, 0),
(916, 318, 3, NULL, 708, '54429', 'Bahnhofstr 17', '', 1, 0),
(917, 318, 8, NULL, NULL, '', '', '', 1, 0),
(918, 318, 8, NULL, 783, '75008', '49/51 rue de ponthieu', '', 1, 0),
(919, 318, 3, NULL, 844, '26340', 'Ellens 2', '', 1, 0),
(920, 319, 3, NULL, 270, '46149', 'Lindnerstr', '178a', 1, 0),
(921, 320, 8, NULL, 271, '13127', '14 rue cisampe', '', 1, 0),
(922, 321, 3, NULL, 43, '12527', 'Dahmestr 1', '', 1, 0),
(923, 322, 3, NULL, 272, '55411', 'Rochusallee 48', '', 1, 0),
(924, 323, 4, NULL, 273, '97-200', 'Dzieci polskich 27 m 16', '', 1, 0),
(925, 324, 2, NULL, 274, 'BT13 2QH', 'Ross mill avenue', '4', 1, 0),
(926, 325, 7, 46, 257, '', 'Grove paddock', '5', 1, 0),
(927, 326, 9, NULL, 275, '5708 JK', 'Braakweg', '28', 1, 0),
(928, 327, 2, NULL, 217, 'LS11 6AW', 'Beeston road', '157', 1, 0),
(929, 328, 8, NULL, 276, '33610', '11 chemin des teules', '', 1, 0),
(930, 329, 2, NULL, 277, 'M8 9LN', 'Greenhill road', '31', 1, 0),
(931, 330, 2, NULL, 278, 'SG7 6SF', 'Hanslor', '', 1, 0),
(932, 331, 8, NULL, 279, '12100', '31 a rue des lilas', '', 1, 0),
(933, 332, 10, NULL, 280, '755 01', 'Stara cesta 1786', '', 1, 0),
(934, 333, 2, 49, 281, 'TF2 9NY', 'Priors gate', '1', 1, 0),
(935, 334, 2, NULL, 165, 'L19 2RT', 'Master\'s way', '6', 1, 0),
(936, 335, 1, NULL, 282, '22066', 'Grigna', '14', 1, 0),
(937, 336, 1, NULL, 283, '20099', 'Via foscolo 29', '', 1, 0),
(938, 337, 8, NULL, 284, '85000', '73 rue du general castelneau', '', 1, 0),
(939, 338, 3, NULL, 285, '37242', 'Sudetenstr 9', '', 1, 0),
(940, 339, 2, NULL, 40, 'G22 6PF', 'Hillend road', '143', 1, 0),
(941, 340, 3, NULL, 286, '31157', 'Gleiwitzer weg 7', '', 1, 0),
(942, 341, 2, 50, 287, 'SA18 3PR', 'Fforest fach', '', 1, 0),
(943, 342, 17, 51, 288, '', 'Peter', '523', 1, 0),
(944, 343, 11, NULL, 289, '8634', '', '', 1, 0),
(945, 344, 3, NULL, 34, '65439', 'Spessartstr', '24', 1, 0),
(946, 344, 3, NULL, 34, '65439', 'Spessartstr 24', '', 1, 0),
(947, 345, 5, NULL, 290, '2580', 'Houwstr', '19', 1, 0),
(948, 346, 5, NULL, 291, '3012', 'Francois demarsinstraat', '38', 1, 0),
(949, 347, 3, NULL, 292, '24941', 'Jägerweg 10', '', 1, 0),
(950, 348, 2, NULL, 293, 'WR2 4SD', 'Bowling green road', '4', 1, 0),
(951, 349, 3, NULL, 22, '22307', 'Andreas-knack-ring 11b', '', 1, 0),
(952, 350, 2, NULL, 294, 'OX14 1JD', '32 wootton road', '', 1, 0),
(953, 351, 2, NULL, 260, 'PA72LU', 'Slate barn', '', 1, 0),
(954, 351, 2, NULL, 295, 'PE7 2LU', 'Slate barn drove', '', 1, 0),
(955, 352, 3, NULL, 296, '45133', 'Weg zur platte 15', '', 1, 0),
(956, 352, 3, NULL, 296, '45133', 'Weg zur platte', '15', 1, 0),
(957, 353, 1, NULL, 297, '00053', 'Via fratelli rosselli 1', '', 1, 0),
(958, 354, 1, 52, 298, '87100', 'Via antonio lanza', '5', 1, 0),
(959, 355, 2, NULL, 95, 'KA3 6BH', 'Wallacetown avenue', '40', 1, 0),
(960, 356, 2, NULL, 299, 'DN16 3RX', 'Redwood court', '9', 1, 0),
(961, 357, 2, 53, 300, 'NN12 6YH', 'Belle baulk', '6', 1, 0),
(962, 358, 2, NULL, 277, 'M32 0GR', 'Fleming drive', '13', 1, 0),
(963, 359, 8, NULL, 301, '32500', 'Chemin de mieht', '', 1, 0),
(964, 360, 2, NULL, NULL, 'FK3 8XW', 'Stuart grove', '8', 1, 0),
(965, 361, 8, NULL, 302, '93120', '43 rue jollois', '', 1, 0),
(966, 362, 4, NULL, 303, '41-400', 'Morcinka 7/7', '', 1, 0),
(967, 363, 2, NULL, NULL, 'DE6 1SR', 'Cavendish drive', '37', 1, 0),
(968, 364, 8, NULL, 304, '67540', '3 rue de sand', '', 1, 0),
(969, 365, 2, 54, 305, 'CF64 4DN', 'The gables the southra', '25', 1, 0),
(970, 366, 2, NULL, 277, 'M21 8BQ', 'Beech road', '2', 1, 0),
(971, 367, 2, NULL, 306, 'IP2 9RD', 'Radcliffe drive', '96', 1, 0),
(972, 368, 2, NULL, 307, 'FK17 8JE', 'Vorlich crescent', '48', 1, 0),
(973, 369, 8, NULL, 308, '59180', '5 rue mailevelde', '', 1, 0),
(974, 370, 3, NULL, 309, '45883', 'Andersenstraße', '18', 1, 0),
(975, 370, 3, NULL, 309, '45883', 'Andersenstraße 18', '', 1, 0),
(976, 371, 8, NULL, 310, '61300', '21 la cote douce', '', 1, 0),
(977, 372, 2, NULL, 311, 'NN18 8PH', 'Lyveden way', '407', 1, 0),
(978, 373, 3, NULL, 43, '13125', 'Straße 67', '', 1, 0),
(979, 374, 18, NULL, 312, '8400', 'Cercas de s jose - lagoa', '', 1, 0),
(980, 375, 8, NULL, 313, '01150', '848 avenue du port', '', 1, 0),
(981, 376, 19, NULL, 314, '951 42', 'Zbehy', '356', 1, 0),
(982, 377, 8, NULL, 315, '51430', '17 avenue roger salengro', '', 1, 0),
(983, 378, 1, 55, 316, '80024', 'Via tommaso campanella', 'snc', 1, 0),
(984, 379, 2, NULL, 317, 'SS15 5GF', 'Spire road', '44', 1, 0),
(985, 380, 3, NULL, 296, '45133', 'Weg zur platte 15', '', 1, 0),
(986, 380, 3, NULL, 296, '45133', 'Weg zur platte', '15', 1, 0),
(987, 381, 2, NULL, 69, 'MK6 2ES', 'Padstow avenue', '30', 1, 0),
(988, 382, 6, NULL, 318, '6518', 'Hvitlyngen 2', '', 1, 0),
(989, 383, 2, NULL, 319, 'DY6 0HS', 'Beech croft road', '186', 1, 0),
(990, 384, 3, NULL, 320, '44866', 'Friedrichstr 2', '', 1, 0),
(991, 385, 1, 56, 321, '04100', 'Strada acque alte', '41', 1, 0),
(992, 386, 8, NULL, 322, '01220', 'L intemporel appart 334', '', 1, 0),
(993, 387, 1, NULL, 323, '47923', 'Via p ghinelli 20', '', 1, 0),
(994, 388, 3, NULL, 324, '74354', 'Helfensteinerweg 4', '', 1, 0),
(995, 389, 2, NULL, 325, 'DH4 6TR', 'Glamis court', '16', 1, 0),
(996, 390, 1, 57, 326, '37138', 'Via albere', '23', 1, 0),
(997, 391, 3, NULL, 327, '65582', 'Steubingstraße', '12', 1, 0),
(998, 392, 2, 18, 328, 'TN27 9DS', 'Elm close', '1', 1, 0),
(999, 393, 9, NULL, 329, '7848 AH', 'Slenerweg', '20', 1, 0),
(1000, 394, 1, NULL, 330, '50142', 'Via amos cassioli n 26\\1', '', 1, 0),
(1001, 395, 2, NULL, 331, 'M33 5HP', 'Okehampton crescent', '1', 1, 0),
(1002, 396, 3, NULL, 332, '70469', 'Werner-haas-weg 5', '', 1, 0),
(1003, 397, 1, 58, 333, '10142', 'Via crea', '3', 1, 0),
(1004, 398, 1, NULL, 334, '04027', 'Via guanini 35', '', 1, 0),
(1005, 399, 1, NULL, 335, '54033', 'Via antonio bertoloni', '29', 1, 0),
(1006, 400, 3, NULL, 296, '45144', 'Busehofstr 63', '', 1, 0),
(1007, 401, 8, NULL, 336, '56450', 'Route de saint colombier', '', 1, 0),
(1008, 402, 2, 48, 337, 'PO20 0LZ', 'Manor farm close', '3', 1, 0),
(1009, 403, 18, NULL, 338, '2815-672', 'Praceta quinta do bau-bau n 10', '', 1, 0),
(1010, 404, 2, NULL, 165, 'L7 7ES', 'Bedford close', '2a', 1, 0),
(1011, 405, 2, 1, 339, 'TN21 8RU', 'Burwash road', '', 1, 0),
(1012, 406, 1, 59, 340, '90144', 'Via giovanni zappalà', '19', 1, 0),
(1013, 407, 7, NULL, 341, '', 'Knocklyon avenue', '29', 1, 0),
(1014, 408, 8, NULL, 110, '75017', '15 bis boulevard gouvion saint cyr', '', 1, 0),
(1015, 409, 16, 60, 342, '', 'Васляєва', '51', 1, 0),
(1016, 410, 8, NULL, 343, '92200', '109 rue de longchamp', '', 1, 0),
(1017, 411, 2, NULL, 344, 'BB5 4NF', 'Norman road', '', 1, 0),
(1018, 412, 8, NULL, 345, '31400', '53 route de revel app 15', '', 1, 0),
(1019, 413, 9, NULL, 346, '5343 HP', 'Potgieterstraat', '11', 1, 0),
(1020, 414, 8, NULL, NULL, '', '', '', 1, 0),
(1021, 415, 2, NULL, 347, 'SL6 4HN', 'Longleat gardens', '25', 1, 0),
(1022, 416, 13, NULL, 348, '531 54', 'Stenportsgatan 51c', '', 1, 0),
(1023, 417, 2, NULL, 349, 'PH2 0SP', 'Latch burn wynd', '17', 1, 0),
(1024, 418, 2, NULL, 163, 'NE3 5LD', 'Granville road', '110', 1, 0),
(1025, 419, 13, NULL, 350, '621 77', 'Endre lilla hulte', '815', 1, 0),
(1026, 420, 3, NULL, 351, '73730', 'Haldenstrasse 6', '', 1, 0),
(1027, 421, 2, NULL, 306, 'IP1 5BH', 'Bramford road', '728', 1, 0),
(1028, 422, 2, 61, 352, 'DE56 0TW', 'Moorside lane', '34', 1, 0),
(1029, 423, 2, NULL, 353, 'SS12 9SF', '14 barbour green', '', 1, 0),
(1030, 424, 2, NULL, 217, 'LS26 0HS', 'Thorne grove', '3', 1, 0),
(1031, 425, 1, 55, 354, '80075', 'Via caremma', '28', 1, 0),
(1032, 426, 2, NULL, 355, 'ME5 0SH', 'Foxglove crescent', '1a', 1, 0),
(1033, 427, 2, 62, 356, 'PR8 3TT', 'Easedale drive', '91', 1, 0),
(1034, 428, 2, NULL, 357, 'S40 2FL', '27 horse chestnut close', '', 1, 0),
(1035, 429, 2, NULL, 358, 'BN14 7LB', 'Westland avenue', '31', 1, 0),
(1036, 430, 2, 63, 359, 'GL17 0QQ', 'Nupend lane', '', 1, 0),
(1037, 431, 2, NULL, 40, 'G3 6JB', '139 st georges road', '1/3', 1, 0),
(1038, 432, 13, NULL, 360, '311 41', 'Ekorrstigen 15', '', 1, 0),
(1039, 433, 1, NULL, 361, '00045', 'Via fratrelli cervi', '26', 1, 0),
(1040, 434, 9, NULL, 112, '1083 DD', 'Van heenvlietlaan', '329', 1, 0),
(1041, 435, 3, NULL, 362, '24536', 'Dorfstraße', '35f', 1, 0),
(1042, 436, 8, NULL, 363, '01660', '132 rte de fay', '', 1, 0),
(1043, 437, 2, NULL, 364, 'WS4 1SB', 'Cartbridge lane', '51', 1, 0),
(1044, 438, 2, NULL, NULL, 'BS36 2NS', '', '', 1, 0),
(1045, 439, 8, NULL, 365, '95120', '7 allee du clos laisnees', '', 1, 0),
(1046, 440, 2, 9, 47, 'LL18 5UL', 'Nant y faenol road', '', 1, 0),
(1047, 441, 3, NULL, 366, '33659', 'Gustavstraße 6', '', 1, 0),
(1048, 442, 2, NULL, 367, 'NN3 6JT', 'Queenswood avenue', '57', 1, 0),
(1049, 443, 4, NULL, NULL, '', '', '', 1, 0),
(1050, 444, 1, NULL, 340, '90146', 'Monte san calogero', '9', 1, 0),
(1051, 445, 3, NULL, 368, '15859', 'Kurt-fischer-str 16', '', 1, 0),
(1052, 446, 1, 64, 369, '50038', 'Via dell\'azzurro', '9', 1, 0),
(1053, 447, 1, NULL, 370, '63834', 'Via manlio massini', '12 - 18', 1, 0),
(1054, 448, 2, NULL, 73, 'NW2 3RH', '62 menelik road', '', 1, 0),
(1055, 449, 4, NULL, 371, '38-100', 'Witosa 17a', '', 1, 0),
(1056, 450, 13, NULL, 372, '653 48', 'Piparens gata 3', '', 1, 0),
(1057, 451, 3, NULL, 108, '15566', 'Stockholmer straße', '13', 1, 0),
(1058, 451, 3, NULL, 108, '15566', 'Stockholmer straße 13', '', 1, 0),
(1059, 452, 1, NULL, 373, '23020', 'Via campello 6/a', '', 1, 0),
(1060, 453, 2, NULL, 374, 'SA4 6SW', '3 heol maes y cerrig lloughour', '', 1, 0),
(1061, 454, 2, NULL, 375, 'BA2 2AX', 'Bloomfield road', '244', 1, 0),
(1062, 455, 2, 25, 376, 'EN8 7AA', 'High street', '', 1, 0),
(1063, 456, 3, NULL, NULL, '04465', '7860340a', '', 1, 0),
(1064, 457, 3, NULL, 377, '24244', 'An de wurth', '21', 1, 0),
(1065, 458, 8, NULL, 378, '03330', 'Le bourg', '', 1, 0),
(1066, 459, 1, NULL, 379, '30024', 'Via garibaldi', '12', 1, 0),
(1067, 460, 3, NULL, 59, '68229', 'Kolmarer str 28', '', 1, 0),
(1068, 461, 8, NULL, 380, '68740', '7 rue des lys', '', 1, 0),
(1069, 462, 2, NULL, 258, 'B78 1BH', 'Bear lane close', '47', 1, 0),
(1070, 463, 8, NULL, 381, '34370', '74 rue des agaces', '', 1, 0),
(1071, 464, 3, NULL, 382, '38312', 'Hauptstr 127', '', 1, 0),
(1072, 465, 2, NULL, 383, 'WN2 4TR', 'Calder avenue', '5', 1, 0),
(1073, 466, 2, NULL, 384, 'HU12 8NB', '41 adeliza garth', '', 1, 0),
(1074, 467, 16, 65, 385, '', 'Зелінського', '104', 1, 0),
(1075, 468, 17, NULL, 386, '401002', 'Ioan opris nr 1', '', 1, 0),
(1076, 469, 3, NULL, 387, '81373', 'Drachenseestr 14', '', 1, 0),
(1077, 470, 8, NULL, 388, '92190', '11 rue abel vacher', '', 1, 0),
(1078, 471, 2, NULL, 55, 'B32 2RG', '53 mayswood grove', '', 1, 0),
(1079, 472, 1, 66, 389, '65129', 'Strada cetrullo', '36', 1, 0),
(1080, 473, 11, NULL, 390, '3206', 'Biberenzelg 37', '', 1, 0),
(1081, 474, 8, NULL, 391, '58640', 'Chemin de cheugny 4', '', 1, 0),
(1082, 475, 6, NULL, 392, '2918', 'Lovegen 970', '', 1, 0),
(1083, 476, 20, NULL, 393, '2670', 'Plantagevej 4', '', 1, 0),
(1084, 477, 13, NULL, 394, '461 67', 'Bergkullevägen 150', '', 1, 0),
(1085, 478, 8, NULL, 395, '77160', '2 rue de barlay', '', 1, 0),
(1086, 479, 8, NULL, 396, '06800', 'Imp renault', '', 1, 0),
(1087, 480, 8, NULL, 397, '93300', '9 all des lilas', '', 1, 0),
(1088, 481, 2, 67, 398, 'BB18 5XE', 'Brogden lane', '', 1, 0),
(1089, 482, 2, NULL, 176, 'YO12 5RQ', 'Red scar drive', '39', 1, 0),
(1090, 483, 11, NULL, 399, '1004', 'Avenue d\' echallens 41', '', 1, 0),
(1091, 484, 3, NULL, 22, '22589', 'Blutbuchenweg 21', '', 1, 0),
(1092, 485, 2, 18, 328, 'TN24 0PL', 'Newtown green', '85', 1, 0),
(1093, 486, 1, NULL, 400, '40061', 'Via ronchi inferiore 3', '', 1, 0),
(1094, 487, 2, NULL, 401, 'ML4 1ND', 'Bridgeford avenue', '5', 1, 0),
(1095, 488, 1, 68, 402, '16038', 'Salita sant\'agostino', '15', 1, 0),
(1096, 489, 3, NULL, 403, '42899', 'Klauser feld', '19', 1, 0),
(1097, 490, 2, 63, 404, 'GL20 8JD', '', '2', 1, 0),
(1098, 491, 2, NULL, 405, 'KT22 9QT', 'Sherwood close', '27', 1, 0),
(1099, 492, 2, NULL, 406, 'CF31 4NW', 'Chantal avenue', '60', 1, 0),
(1100, 493, 4, NULL, 407, '37-433', 'Tarnobrzeska', '26', 1, 0),
(1101, 494, 3, NULL, 408, '61449', 'Hessenring 27a', '', 1, 0),
(1102, 495, 1, 7, 33, '29027', 'Via papa giovanni xxiii', '1 - 29', 1, 0),
(1103, 495, 11, NULL, 54, '8330', 'Mattenstr 22', '', 1, 0),
(1104, 495, 8, NULL, 110, '75015', '-', '', 1, 0),
(1105, 495, 5, 22, 125, '2250', 'Industrielaan 18', '', 1, 0),
(1106, 495, 3, 41, 222, '54516', 'Petrusstr 20', '', 1, 0),
(1107, 495, 3, NULL, 269, '53474', 'Max - planck - strasse 1', '', 1, 0),
(1108, 495, 2, NULL, NULL, '', '', '', 1, 0),
(1109, 495, 3, NULL, 411, '01445', 'August-bebel-str 24', '', 1, 0),
(1110, 495, 8, NULL, NULL, '', '', '', 1, 0),
(1111, 495, 3, 77, 506, '44149', 'Wulfshof str 1', '', 1, 0),
(1112, 495, 3, NULL, 708, '54429', 'Bahnhofstr 17', '', 1, 0),
(1113, 495, 8, NULL, NULL, '', '', '', 1, 0),
(1114, 495, 8, NULL, 783, '75008', '49/51 rue de ponthieu', '', 1, 0),
(1115, 495, 3, NULL, 844, '26340', 'Ellens 2', '', 1, 0),
(1116, 496, 1, 11, 409, '21016', 'Via gioacchino rossini', '9', 1, 0),
(1117, 497, 3, NULL, 332, '70191', 'Rümelinstr 43', '', 1, 0),
(1118, 498, 2, NULL, 410, 'SN3 1DY', 'Ashwell close', '18', 1, 0),
(1119, 499, 1, 7, 33, '29027', 'Via papa giovanni xxiii', '1 - 29', 1, 0),
(1120, 499, 11, NULL, 54, '8330', 'Mattenstr 22', '', 1, 0),
(1121, 499, 8, NULL, 110, '75015', '-', '', 1, 0),
(1122, 499, 5, 22, 125, '2250', 'Industrielaan 18', '', 1, 0),
(1123, 499, 3, 41, 222, '54516', 'Petrusstr 20', '', 1, 0),
(1124, 499, 3, NULL, 269, '53474', 'Max - planck - strasse 1', '', 1, 0),
(1125, 499, 2, NULL, NULL, '', '', '', 1, 0),
(1126, 499, 3, NULL, 411, '01445', 'August-bebel-str 24', '', 1, 0),
(1127, 499, 8, NULL, NULL, '', '', '', 1, 0),
(1128, 499, 3, 77, 506, '44149', 'Wulfshof str 1', '', 1, 0),
(1129, 499, 3, NULL, 708, '54429', 'Bahnhofstr 17', '', 1, 0),
(1130, 499, 8, NULL, NULL, '', '', '', 1, 0),
(1131, 499, 8, NULL, 783, '75008', '49/51 rue de ponthieu', '', 1, 0),
(1132, 499, 3, NULL, 844, '26340', 'Ellens 2', '', 1, 0),
(1133, 500, 4, NULL, 412, '43-450', 'Hutnicza 23', '', 1, 0),
(1134, 501, 8, NULL, 413, '59510', '33 rue des 3 fermes', '', 1, 0),
(1135, 502, 2, NULL, 295, 'PE4 7PS', 'Bevishall', '4', 1, 0),
(1136, 503, 18, NULL, 414, '4495-102', 'Rua das fontes 255', '', 1, 0),
(1137, 504, 2, NULL, 415, 'B61 9LT', 'Yew tree lane', '14', 1, 0),
(1138, 505, 2, 69, 416, 'TS25 2JP', 'Spalding road', '125', 1, 0),
(1139, 506, 2, NULL, 417, 'LA4 4RT', 'Wiseman close', '4/4', 1, 0),
(1140, 507, 1, NULL, 67, '21052', 'Via palestro n°65', '', 1, 0),
(1141, 508, 12, NULL, 207, '28050', 'C/ francisco javier saenz de oiza 166 7º b', '166', 1, 0),
(1142, 509, 9, NULL, 418, '3238 BG', 'Noordeinde', '29', 1, 0),
(1143, 510, 3, NULL, 43, '10365', 'Wilhelm-guddorf-str 10', '', 1, 0),
(1144, 511, 2, NULL, 419, 'TN4 8TZ', 'Parsonage close', '16', 1, 0),
(1145, 512, 9, NULL, 420, '3181 ET', 'Waalstraat', '44', 1, 0),
(1146, 513, 6, NULL, 421, '3047', 'Skogliveien 44', '', 1, 0),
(1147, 514, 2, NULL, 226, 'CV23 0WS', 'Fieldfare close', '1', 1, 0),
(1148, 515, 2, 4, 21, 'RH4 3QR', 'Bailey road', '47', 1, 0),
(1149, 515, 2, NULL, 21, 'RH4 3QR', '47 bailey road', '', 1, 0),
(1150, 516, 3, NULL, NULL, '03133', '3154400a', '', 1, 0),
(1151, 517, 9, NULL, 422, '4817 EH', 'Hoogeind', '71', 1, 0),
(1152, 518, 11, NULL, 423, '2520', 'Chemin des aubépines 21', '', 1, 0),
(1153, 519, 3, NULL, 424, '74235', 'Lerchenstr 12', '', 1, 0),
(1154, 520, 3, NULL, 425, '17491', 'Lomonossowallee 40', '', 1, 0),
(1155, 521, 8, NULL, 426, '31350', 'Cote de navarre azena', '', 1, 0),
(1156, 522, 2, NULL, 427, 'OX15 4ED', 'Tall trees', '', 1, 0),
(1157, 523, 3, NULL, 428, '51373', 'Manforter str 146', '', 1, 0),
(1158, 524, 3, NULL, 429, '73037', 'Eschenbacher str', '28', 1, 0),
(1159, 525, 12, NULL, 430, '06800', 'Avda reina sofia', '1 1º c', 1, 0),
(1160, 526, 21, NULL, 431, '2351', 'Schillerstraße 19/st2 t14', '', 1, 0),
(1161, 527, 3, NULL, 432, '28203', 'Schönhausenstr 55', '', 1, 0),
(1162, 528, 3, NULL, 433, '66538', 'Im altseiterstal 4', '', 1, 0),
(1163, 529, 2, NULL, 434, 'NR30 4AT', 'Fremantle road', '36', 1, 0),
(1164, 530, 3, NULL, NULL, '09681', '5377610a', '', 1, 0),
(1165, 531, 3, NULL, NULL, '00814', '8576500a', '', 1, 0),
(1166, 532, 1, NULL, 435, '57128', 'Viale città del vaticano 68', '', 1, 0),
(1167, 533, 9, NULL, 436, '6281 AR', 'Heerenhofweg', '30 c', 1, 0),
(1168, 534, 2, NULL, 437, 'AB43 6SR', 'High street', '86', 1, 0),
(1169, 535, 2, NULL, 294, 'OX13 5LA', 'Netherton road', '91', 1, 0),
(1170, 536, 8, NULL, 438, '59320', 'Cc d\'englos', '', 1, 0),
(1171, 537, 2, NULL, 439, 'UB5 6HU', 'Broomcroft avenue', '0', 1, 0),
(1172, 538, 2, NULL, 376, 'EN7 6LQ', 'Parkside court', '17', 1, 0),
(1173, 539, 2, NULL, 50, 'CO7 0RD', 'Hythe grove', '15', 1, 0),
(1174, 540, 2, NULL, 306, 'IP9 1JB', '5 wendy close', '', 1, 0),
(1175, 541, 2, 28, 440, 'CV11 5UQ', 'Coton road', '', 1, 0),
(1176, 542, 1, 23, 441, '20127', 'Via padova', '217', 1, 0),
(1177, 543, 2, NULL, 442, 'GL54 4NE', 'Valley view', '1', 1, 0),
(1178, 544, 3, NULL, 443, '63263', 'Eschenweg 8', '', 1, 0),
(1179, 544, 3, NULL, 443, '63263', 'Eschenweg', '8', 1, 0),
(1180, 545, 2, NULL, 444, 'SK13 8SH', '', '82', 1, 0),
(1181, 546, 4, NULL, 445, '11-100', 'Łaniewo 64', '', 1, 0),
(1182, 547, 2, 70, 446, 'WF8 2UP', 'Chatsworth avenue', '25', 1, 0),
(1183, 548, 6, NULL, 447, '2917', 'Skrautvål', '', 1, 0),
(1184, 549, 2, NULL, 165, 'L15 4HB', 'Stevenson street', '80', 1, 0),
(1185, 550, 3, NULL, 104, '50931', 'Theresienstr', '59', 1, 0),
(1186, 550, 3, NULL, 104, '50931', 'Theresienstr 59', '', 1, 0),
(1187, 551, 2, NULL, 50, 'CO6 2LQ', 'Tey road', '65', 1, 0),
(1188, 552, 1, NULL, 448, '80144', 'Corso secondigliano', '166', 1, 0),
(1189, 553, 2, 71, 449, 'PA19 1TD', 'Tower drive', '', 1, 0),
(1190, 554, 2, 72, 450, 'SK2 5BQ', 'Ludlow road', '27', 1, 0),
(1191, 555, 3, NULL, 451, '30559', 'Eisteichweg 6a', '', 1, 0),
(1192, 556, 2, NULL, 452, 'S6 3JU', 'Brandreth road', '13', 1, 0),
(1193, 557, 5, NULL, 453, '2830', 'Uranusstraat', '10', 1, 0),
(1194, 558, 8, NULL, 454, '79800', '18 rue du minage baglaut', '', 1, 0),
(1195, 559, 3, NULL, 309, '45883', 'Andersenstraße', '18', 1, 0),
(1196, 559, 3, NULL, 309, '45883', 'Andersenstraße 18', '', 1, 0),
(1197, 560, 8, NULL, NULL, '', '', '', 1, 0),
(1198, 561, 10, NULL, 455, '709 00', 'Korunní 40/1193', '', 1, 0),
(1199, 562, 2, NULL, NULL, 'HR5 3AA', 'Greenfields', '35', 1, 0),
(1200, 563, 1, 73, 456, '00174', 'Via festo porzio 12', '', 1, 0),
(1201, 564, 2, 1, 15, 'TN38 9QW', 'Adam close', '40', 1, 0),
(1202, 565, 4, NULL, 457, '87-100', 'Zbożowa', '45a', 1, 0),
(1203, 566, 8, NULL, 458, '52100', '3 impasse des marianne', '', 1, 0),
(1204, 567, 3, NULL, 43, '10779', 'Stübbenstr 7', '', 1, 0),
(1205, 568, 8, NULL, 459, '65100', '8 allee des trois villas', '', 1, 0),
(1206, 569, 2, NULL, 73, 'SW16 1AG', 'Drewstead road', '56a', 1, 0),
(1207, 570, 4, NULL, 460, '34-400', 'Świętej anny', '40', 1, 0),
(1208, 571, 21, NULL, 461, '1150', 'Pelzgasse 4/3/11', '', 1, 0),
(1209, 572, 8, NULL, 462, '46230', '604 route de laburgade', '', 1, 0),
(1210, 573, 2, 74, 463, 'S80 3JT', 'Ladyfield road', '0', 1, 0),
(1211, 574, 2, NULL, 163, 'NE3 1NB', 'Roseworth avenue', '12', 1, 0),
(1212, 575, 8, NULL, 464, '40230', '228 rue des artisans', '', 1, 0),
(1213, 576, 3, NULL, NULL, '00898', '5763100a', '', 1, 0),
(1214, 577, 5, NULL, 465, '5590', 'Corbion 23', '', 1, 0),
(1215, 578, 2, 4, 466, 'RH6 8EL', 'Grove road', '16', 1, 0),
(1216, 579, 1, 7, 33, '29027', 'Via papa giovanni xxiii', '1 - 29', 1, 0),
(1217, 579, 11, NULL, 54, '8330', 'Mattenstr 22', '', 1, 0),
(1218, 579, 8, NULL, 110, '75015', '-', '', 1, 0),
(1219, 579, 5, 22, 125, '2250', 'Industrielaan 18', '', 1, 0),
(1220, 579, 3, 41, 222, '54516', 'Petrusstr 20', '', 1, 0),
(1221, 579, 3, NULL, 269, '53474', 'Max - planck - strasse 1', '', 1, 0),
(1222, 579, 2, NULL, NULL, '', '', '', 1, 0),
(1223, 579, 3, NULL, 411, '01445', 'August-bebel-str 24', '', 1, 0),
(1224, 579, 8, NULL, NULL, '', '', '', 1, 0),
(1225, 579, 3, 77, 506, '44149', 'Wulfshof str 1', '', 1, 0),
(1226, 579, 3, NULL, 708, '54429', 'Bahnhofstr 17', '', 1, 0),
(1227, 579, 8, NULL, NULL, '', '', '', 1, 0),
(1228, 579, 8, NULL, 783, '75008', '49/51 rue de ponthieu', '', 1, 0),
(1229, 579, 3, NULL, 844, '26340', 'Ellens 2', '', 1, 0),
(1230, 580, 5, NULL, 467, '1450', 'Rue gaston delvaux', '36', 1, 0),
(1231, 581, 8, NULL, 468, '95000', '8 f les plans bruns', '', 1, 0),
(1232, 582, 3, NULL, 43, '10119', 'Brunnenstr 196', '', 1, 0),
(1233, 583, 8, NULL, 469, '42380', 'Le bourg', '', 1, 0),
(1234, 584, 6, NULL, 470, '1684', 'Utgårdsveien 104', '', 1, 0),
(1235, 585, 1, NULL, 471, '98070', 'Via dante alighieri n 29', '', 1, 0),
(1236, 586, 9, NULL, 472, '6418 JA', 'Egstraat', '23', 1, 0),
(1237, 587, 2, NULL, 220, 'LE2 0JE', 'Brookhouse avenue', '37', 1, 0),
(1238, 588, 2, NULL, 328, 'TN23 3GA', 'Sir john fogge avenue', '25', 1, 0),
(1239, 589, 9, NULL, 473, '9591 BK', 'Boslaan', '36', 1, 0),
(1240, 590, 2, NULL, 73, 'SE5 0SP', 'Flat 16 corbet house', '', 1, 0),
(1241, 591, 11, NULL, 474, '5610', 'Zentralstrasse 28', '', 1, 0),
(1242, 592, 3, NULL, 475, '35236', 'Steinackerstr 28', '', 1, 0),
(1243, 593, 2, 27, 317, 'SS15 4FA', 'River view close', '18', 1, 0),
(1244, 594, 3, NULL, 476, '04564', 'Hauptstr 63', '', 1, 0),
(1245, 595, 4, NULL, 477, '61-698', 'Wichrowe wzgórze', '30', 1, 0),
(1246, 596, 19, NULL, 478, '094 21', 'Klazany 161', '', 1, 0),
(1247, 597, 8, NULL, 479, '66380', '23 rue du terme de baix', '', 1, 0),
(1248, 598, 21, NULL, NULL, '1220', '', '', 1, 0),
(1249, 599, 2, NULL, 117, 'BS11 0NZ', 'Alderdown close', '2', 1, 0),
(1250, 600, 9, NULL, 480, '9722 PJ', 'Colijnlaan', '5', 1, 0),
(1251, 601, 2, NULL, 277, 'M34 6AU', 'Stockport road', '152', 1, 0),
(1252, 602, 2, NULL, 450, 'SK4 5BT', '310 wellington road north', '', 1, 0),
(1253, 603, 2, NULL, 481, 'DD5 3TL', '14 colliston drive', '', 1, 0),
(1254, 604, 2, 31, 482, 'KY4 9QA', 'High street', '65', 1, 0),
(1255, 605, 1, NULL, 483, '20081', 'Via moscati 1 -via verbano', '', 1, 0),
(1256, 606, 2, NULL, 484, 'BB1 1TW', 'Ripon street', '116', 1, 0),
(1257, 607, 3, NULL, 485, '92237', 'Hans-zobel-str 7', '', 1, 0),
(1258, 608, 9, NULL, 486, '2596 GD', 'Weissenbruchstraat', '127', 1, 0),
(1259, 609, 5, NULL, 487, '3920', 'Hees', '117', 1, 0),
(1260, 610, 1, 73, 456, '00133', 'Via ferruccio ulivi', '21', 1, 0),
(1261, 611, 2, NULL, 488, 'CT17 9QR', 'Longfield road', '76', 1, 0),
(1262, 612, 8, NULL, 489, '54150', '8 bis grand rue', '', 1, 0),
(1263, 613, 1, 75, 490, '30027', 'Via don gnocchi', '12', 1, 0),
(1264, 614, 8, NULL, 491, '92300', '82 rue marius aufan', '', 1, 0),
(1265, 615, 15, NULL, 492, '28100', 'Paanakedonkatu', '18', 1, 0),
(1266, 616, 1, NULL, 81, '07100', 'Via pietro nenni', '30', 1, 0),
(1267, 617, 3, NULL, 493, '46238', 'Im sundern', '34', 1, 0),
(1268, 617, 3, NULL, 493, '46238', 'Im sundern 34', '', 1, 0),
(1269, 618, 18, NULL, 494, '2000-222', 'Rua cova das figueiras', 'lt 2 c/v', 1, 0),
(1270, 619, 4, NULL, 495, '40-228', 'Ul nad potokiem 1/ 1', '', 1, 0),
(1271, 620, 7, 46, 257, 'D24', 'Tymon farm appartments', '31', 1, 0),
(1272, 621, 3, NULL, 43, '12249', 'Am gemeindepark 40a', '', 1, 0),
(1273, 622, 2, NULL, 66, 'HD4 7JW', 'Hawkroyd bank road', '12', 1, 0),
(1274, 623, 1, 55, 496, '80070', 'Via terone-vateliero', '2', 1, 0),
(1275, 624, 4, NULL, 497, '59-700', 'Tomaszów bolesławiecki 143g4/6', '', 1, 0),
(1276, 625, 2, 76, 498, 'EX20 2HA', 'Arundell road', '20', 1, 0),
(1277, 626, 3, NULL, 451, '30519', 'Fontainestr 10', '', 1, 0),
(1278, 627, 8, NULL, 499, '90000', '15 rue negrier', '', 1, 0),
(1279, 628, 1, NULL, 500, '80040', 'Via filichito 163', '', 1, 0),
(1280, 629, 2, NULL, 501, 'AB55 5HZ', '10 balloch court', '', 1, 0),
(1281, 630, 1, NULL, 502, '43100', 'Via ugozzolo 51', '', 1, 0),
(1282, 631, 2, NULL, NULL, 'BA11 1RR', 'Victoria road', '32', 1, 0),
(1283, 632, 1, NULL, 503, '74122', 'Via acton 66', '', 1, 0),
(1284, 633, 8, NULL, 504, '60410', '9 rue saint nicolas', '', 1, 0),
(1285, 634, 3, NULL, 505, '66701', 'Im bungert', '34', 1, 0),
(1286, 635, 1, 7, 33, '29027', 'Via papa giovanni xxiii', '1 - 29', 1, 0),
(1287, 635, 11, NULL, 54, '8330', 'Mattenstr 22', '', 1, 0),
(1288, 635, 8, NULL, 110, '75015', '-', '', 1, 0),
(1289, 635, 5, 22, 125, '2250', 'Industrielaan 18', '', 1, 0),
(1290, 635, 3, 41, 222, '54516', 'Petrusstr 20', '', 1, 0),
(1291, 635, 3, NULL, 269, '53474', 'Max - planck - strasse 1', '', 1, 0),
(1292, 635, 2, NULL, NULL, '', '', '', 1, 0),
(1293, 635, 3, NULL, 411, '01445', 'August-bebel-str 24', '', 1, 0),
(1294, 635, 8, NULL, NULL, '', '', '', 1, 0),
(1295, 635, 3, 77, 506, '44149', 'Wulfshof str 1', '', 1, 0),
(1296, 635, 3, NULL, 708, '54429', 'Bahnhofstr 17', '', 1, 0),
(1297, 635, 8, NULL, NULL, '', '', '', 1, 0),
(1298, 635, 8, NULL, 783, '75008', '49/51 rue de ponthieu', '', 1, 0),
(1299, 635, 3, NULL, 844, '26340', 'Ellens 2', '', 1, 0),
(1300, 636, 3, NULL, 507, '59389', 'Postfach 1231', '', 1, 0),
(1301, 637, 2, 18, 508, 'ME12 1DW', 'Fleet avenue', '8', 1, 0),
(1302, 638, 1, NULL, 509, '00065', 'Via del laghetto snc tra il n e e 13', '', 1, 0),
(1303, 639, 11, NULL, 510, '7000', 'Untere plessurstrasse 150/152', '', 1, 0),
(1304, 640, 2, NULL, 165, 'L6 2WD', 'Marathon close', '5', 1, 0),
(1305, 641, 3, NULL, 511, '35619', 'Auf der höh 7', '', 1, 0),
(1306, 642, 7, 5, 26, '', 'Eden cottages', '4', 1, 0),
(1307, 642, 7, NULL, 26, 'EIRE', '4 eden cottages', '', 1, 0),
(1308, 643, 2, NULL, 512, 'BA21 5BZ', 'Compton road', '7', 1, 0),
(1309, 644, 2, 78, 513, 'CO10 5EU', 'Castlings heath', '', 1, 0),
(1310, 645, 8, NULL, 514, '13011', '72 avenue vincent andreu', '', 1, 0);
INSERT INTO `address` (`id`, `customer_id`, `country_id`, `region_id`, `city_id`, `postal_code`, `street`, `building_number`, `status`, `is_default`) VALUES
(1311, 646, 8, NULL, 515, '14120', '20 rue d helsinki', '', 1, 0),
(1312, 647, 9, NULL, 516, '6228 EM', 'Gerckenshaag', '4', 1, 0),
(1313, 648, 3, NULL, NULL, '10365', '5630100a', '', 1, 0),
(1314, 649, 2, NULL, 40, 'G72 9EN', 'Holmswood avenue', '16', 1, 0),
(1315, 650, 21, NULL, 461, '1010', 'Stephansplatz 12', '', 1, 0),
(1316, 651, 3, NULL, 517, '47906', 'Von-baeyer-str 17', '', 1, 0),
(1317, 652, 3, NULL, 518, '90478', 'Findelwiesenstr 33', '', 1, 0),
(1318, 653, 1, 20, 519, '24049', 'Via san giovanni bosco', '12', 1, 0),
(1319, 654, 2, NULL, 520, 'BD13 2HG', '8 park close', '', 1, 0),
(1320, 655, 3, NULL, 34, '65439', 'Spessartstr', '24', 1, 0),
(1321, 655, 3, NULL, 34, '65439', 'Spessartstr 24', '', 1, 0),
(1322, 656, 1, NULL, 521, '63074', 'V montegrappa 9', '', 1, 0),
(1323, 657, 2, 79, 522, 'BH15 4NW', 'Annet close', '4', 1, 0),
(1324, 658, 9, NULL, 523, '3328 WJ', 'Toutenburg', '26', 1, 0),
(1325, 659, 8, NULL, 524, '84110', 'Qt courronnades', '', 1, 0),
(1326, 660, 2, NULL, 525, 'YO23 2QN', '11 temple road', '', 1, 0),
(1327, 661, 1, 80, 526, '88816', 'Via del ginnasiarca minato', '27', 1, 0),
(1328, 662, 1, 81, 527, '52025', 'Via giacomo puccini', '26', 1, 0),
(1329, 663, 1, NULL, 528, '20056', 'Fb', '', 1, 0),
(1330, 664, 2, NULL, 64, 'CB24 3DF', 'Toads acre', '5', 1, 0),
(1331, 665, 13, NULL, 372, '653 51', 'Granlidsvägen 58', '', 1, 0),
(1332, 666, 5, NULL, 529, '9270', 'Kouterdreef', '14', 1, 0),
(1333, 667, 2, NULL, 530, 'SY5 6QS', '', '', 1, 0),
(1334, 668, 2, NULL, 531, 'IV2 7SN', 'Seaforth avenue', '9', 1, 0),
(1335, 669, 2, 26, 532, 'KA11 2FH', 'Pavilion gardens', '6', 1, 0),
(1336, 670, 6, NULL, 533, '3370', 'Stubben 9', '', 1, 0),
(1337, 671, 8, NULL, 534, '55220', '4 rue des procureurs', '', 1, 0),
(1338, 672, 8, NULL, NULL, '', '', '', 1, 0),
(1339, 673, 2, NULL, 535, 'SE91AJ', 'Glenlyon road', '16', 1, 0),
(1340, 674, 3, NULL, 536, '71409', 'Hauptstr 55', '', 1, 0),
(1341, 675, 8, NULL, 537, '32310', '8 avenue renee cassin', '', 1, 0),
(1342, 676, 8, NULL, 538, '30420', '21 route de boissieres', '', 1, 0),
(1343, 677, 3, NULL, NULL, '03083', '8767600a', '', 1, 0),
(1344, 678, 2, NULL, 539, 'NP4 8BU', 'Folly view', '56', 1, 0),
(1345, 679, 3, NULL, 540, '14542', 'Ziemensstr 69', '', 1, 0),
(1346, 680, 8, NULL, 541, '83550', '175 chemin de blais 2', '', 1, 0),
(1347, 681, 3, NULL, 542, '53567', 'Mittelstr 9', '', 1, 0),
(1348, 682, 1, NULL, 543, '74011', 'Del mercato 45', '', 1, 0),
(1349, 683, 3, NULL, 493, '46238', 'Im sundern', '34', 1, 0),
(1350, 683, 3, NULL, 493, '46238', 'Im sundern 34', '', 1, 0),
(1351, 684, 18, NULL, 544, '1495-025', 'Av bombeiros vol alges n 33 2esq', '', 1, 0),
(1352, 685, 2, NULL, 152, 'CF14 1RA', 'Manor way', '11', 1, 0),
(1353, 686, 2, NULL, 545, 'HA0 1LB', 'Flat 51 grand union heights', '', 1, 0),
(1354, 687, 10, NULL, 546, '664 11', 'Sportovní 561', '', 1, 0),
(1355, 688, 8, NULL, 547, '38320', '01 rue jean jacques rousseau', '', 1, 0),
(1356, 689, 2, NULL, 384, 'HU7 5DE', 'Aberdovey close', '45', 1, 0),
(1357, 690, 3, NULL, 12, '01157', 'Hölderlinstr 36', '', 1, 0),
(1358, 691, 3, NULL, 548, '38448', 'Bartenslebenring', '', 1, 0),
(1359, 692, 2, NULL, 532, 'KA11 1DE', '27 barra crescent', '', 1, 0),
(1360, 693, 12, NULL, 549, '13200', 'Jacinto benavente 25 2-d', '', 1, 0),
(1361, 694, 1, 11, 550, '21012', 'Via confalonieri', '12', 1, 0),
(1362, 695, 1, NULL, 551, '73042', 'Via irlanda 31', '', 1, 0),
(1363, 696, 3, NULL, 552, '55283', 'Rheinallee 37a', '', 1, 0),
(1364, 697, 10, NULL, 553, '357 51', 'Kamenny dvur 10', '', 1, 0),
(1365, 698, 3, NULL, 554, '03096', 'Guhrower weg 1', '', 1, 0),
(1366, 699, 2, 82, 555, 'SY16 4PD', 'The pentre', '', 1, 0),
(1367, 700, 2, 83, 556, 'BT23 5NT', 'Heathermount court', '7', 1, 0),
(1368, 701, 1, NULL, 557, '05100', 'Via mario pratesi 19', '', 1, 0),
(1369, 702, 8, NULL, 365, '95120', '5 rue raoul sberro', '', 1, 0),
(1370, 703, 8, NULL, 558, '69480', '84 rue du pressoir', '', 1, 0),
(1371, 704, 8, NULL, 559, '91100', '7 rue heloise', '', 1, 0),
(1372, 705, 2, 27, 560, 'CB11 4DD', 'Sedop close', '2', 1, 0),
(1373, 706, 2, NULL, NULL, 'G12 0HL', 'Highfield drive', '28', 1, 0),
(1374, 707, 2, NULL, 561, 'SN6 7DT', '39 windrush', '', 1, 0),
(1375, 708, 2, 27, 138, 'CM13 1RH', 'Boundary drive', '25', 1, 0),
(1376, 709, 1, 55, 562, '80056', 'Corso resina', '109', 1, 0),
(1377, 710, 8, NULL, 187, '06200', '400 promenade des anglais', '', 1, 0),
(1378, 711, 8, NULL, 110, '75013', '129 boulevard massena', '', 1, 0),
(1379, 712, 8, NULL, 563, '33141', '7 che des fauvettes', '', 1, 0),
(1380, 713, 8, NULL, 564, '87280', '39 rue claude henri gorceix', '', 1, 0),
(1381, 714, 2, NULL, 565, 'DE21 6ZG', 'Enoch stone drive', '2', 1, 0),
(1382, 715, 5, NULL, 566, '7331', 'Rue d\'herchies', '25', 1, 0),
(1383, 716, 5, NULL, 567, '2222', 'Kerkstraat', '', 1, 0),
(1384, 717, 1, 84, 568, '33077', 'Dello stadio 23-b', '', 1, 0),
(1385, 718, 2, NULL, 569, 'PO9 3HG', 'Park lane', '29', 1, 0),
(1386, 719, 3, NULL, 286, '31157', 'Bürgermeister-steinweden-str 26a', '', 1, 0),
(1387, 720, 2, NULL, 570, 'LU4 9PX', 'Oakley road', '53', 1, 0),
(1388, 721, 2, NULL, NULL, 'PO30 2DQ', 'Staplers road', '66a', 1, 0),
(1389, 722, 2, NULL, NULL, 'SS7 5RJ', 'Lynn view close', '1', 1, 0),
(1390, 723, 2, NULL, 73, 'SW6 2GW', 'Flat 17 nacovia house', '', 1, 0),
(1391, 724, 1, 85, 571, '47832', 'Via ca\' fabbro', '54', 1, 0),
(1392, 725, 1, NULL, 572, '37040', 'Via po 4', '4', 1, 0),
(1393, 726, 2, NULL, NULL, 'SS9 4AE', 'Mountdale gardens', '145', 1, 0),
(1394, 727, 3, NULL, 506, '44388', 'Zweiwiedenstr 14', '', 1, 0),
(1395, 728, 9, NULL, 573, '1421 BK', 'Prinses christinalaan', '26', 1, 0),
(1396, 729, 2, NULL, 574, 'CV3 2LE', '11 jim forrest close', '', 1, 0),
(1397, 730, 18, NULL, 575, '4595-317', 'Rua do giestal nº83', '', 1, 0),
(1398, 731, 20, NULL, 576, '9700', 'Jupitervej 4a', '', 1, 0),
(1399, 732, 2, NULL, 577, 'EX17 6AA', 'Yelverton', '', 1, 0),
(1400, 733, 1, NULL, NULL, '', '', '', 1, 0),
(1401, 734, 2, NULL, 578, 'DG2 9JL', 'Blackley park court', '3', 1, 0),
(1402, 735, 4, NULL, 579, '89-400', 'Niechorz', '8d/6', 1, 0),
(1403, 736, 2, 86, 580, 'LA11 7BH', 'Priory lane', '43', 1, 0),
(1404, 737, 2, NULL, 581, 'OX26 6WZ', '6 dunnock close', '', 1, 0),
(1405, 738, 2, NULL, 582, 'NE26 1QB', 'Ventnor gardens', '10', 1, 0),
(1406, 739, 8, NULL, 583, '77600', '22 rue du laurençon', '', 1, 0),
(1407, 740, 3, NULL, NULL, '03711', '5780700a', '', 1, 0),
(1408, 741, 2, NULL, 50, 'CO2 8WW', 'John mace road', '59', 1, 0),
(1409, 742, 2, 36, 584, 'S65 2AH', 'Clifton lane', '49', 1, 0),
(1410, 743, 17, 87, 585, '', 'Plopilor', '', 1, 0),
(1411, 744, 3, NULL, 586, '87629', 'Rotwandweg 9', '', 1, 0),
(1412, 745, 6, NULL, 587, '4360', 'Skreddarvegen 5b', '', 1, 0),
(1413, 746, 2, 88, 588, 'SN12 6DW', 'Semington road', '79', 1, 0),
(1414, 747, 1, NULL, 589, '00166', 'Via serafino belfanti 66', '', 1, 0),
(1415, 748, 2, NULL, 590, 'DE11 0SP', 'New road', '8', 1, 0),
(1416, 749, 1, NULL, 456, '00196', 'Via flaminia 158', '', 1, 0),
(1417, 750, 2, NULL, 591, 'LE15 6GF', 'Tolethorpe close', '8', 1, 0),
(1418, 751, 3, NULL, 10, '40472', 'Rather broich 74', '', 1, 0),
(1419, 752, 2, NULL, 592, 'DY6 8EF', '131 greenfields road', '', 1, 0),
(1420, 753, 2, NULL, 295, 'PE1 5AA', 'Hammonds drive', '22', 1, 0),
(1421, 754, 2, NULL, NULL, 'BT41 1HR', 'Brantwood gardens', '48', 1, 0),
(1422, 755, 2, NULL, NULL, 'L14 1QJ', 'Warmington road', '60', 1, 0),
(1423, 756, 11, NULL, 593, '4564', 'Taubenweg 16', '', 1, 0),
(1424, 757, 1, 23, 594, '20020', 'Via san pietro', '60', 1, 0),
(1425, 758, 2, 27, 595, 'CO16 8SJ', 'Seawick road', '16', 1, 0),
(1426, 759, 9, NULL, NULL, '', '', '', 1, 0),
(1427, 760, 6, NULL, 596, '1430', 'Rydningen 59', '', 1, 0),
(1428, 761, 8, NULL, 597, '59970', '31 rue du chemin vert', '', 1, 0),
(1429, 762, 2, 34, 598, 'RG19 3XX', 'Spurcroft road', '29', 1, 0),
(1430, 763, 2, NULL, 172, 'NG4 2JL', 'Caxton close', '2', 1, 0),
(1431, 764, 1, NULL, NULL, '', '', '', 1, 0),
(1432, 765, 3, NULL, 599, '09247', 'Jack-london-str', '16', 1, 0),
(1433, 766, 1, NULL, 600, '39040', 'Fraz flaines 209', '', 1, 0),
(1434, 767, 2, 38, 601, 'CB6 2TS', 'Lawn lane', '67', 1, 0),
(1435, 768, 3, NULL, 602, '30916', 'Dorfstr 80c', '', 1, 0),
(1436, 769, 8, NULL, 603, '26400', '19 rue chapoutat', '', 1, 0),
(1437, 770, 8, NULL, 82, '94400', '131 rue gabriel perry', '', 1, 0),
(1438, 771, 10, NULL, 604, '779 00', 'Rožňavská 1', '', 1, 0),
(1439, 772, 3, NULL, 43, '13403', 'Antonienstr', '48a', 1, 0),
(1440, 773, 2, NULL, 605, 'CW1 4JW', 'Crossway', '51', 1, 0),
(1441, 774, 9, NULL, 606, '9685 HB', 'Anholt', '28', 1, 0),
(1442, 775, 9, NULL, 607, '3085 RC', 'Benneveld', '40', 1, 0),
(1443, 776, 2, 76, 608, 'TQ12 1NJ', 'Ashburton road', '20', 1, 0),
(1444, 777, 2, NULL, 609, 'TN8 6DU', 'Plough walk', '19', 1, 0),
(1445, 778, 20, NULL, 610, '6000', 'Dyrehavevej 156', '', 1, 0),
(1446, 779, 2, NULL, 295, 'PE4 7ZL', 'Campbell drive', '38', 1, 0),
(1447, 780, 2, 27, 595, 'CO15 5HZ', 'Madeira road', '1', 1, 0),
(1448, 781, 11, NULL, 611, '8820', 'Neudorfstrasse 40', '', 1, 0),
(1449, 782, 3, NULL, NULL, '', '7674300a', '', 1, 0),
(1450, 783, 2, NULL, NULL, 'EH23 4FT', 'Whitehouse crescent', '60', 1, 0),
(1451, 784, 5, NULL, 612, '4710', 'Kirchstrasse', '13', 1, 0),
(1452, 785, 2, NULL, 613, 'GU34 5XA', '30 reads field', '', 1, 0),
(1453, 786, 1, 89, 614, '17053', 'Via roccaro', '12', 1, 0),
(1454, 787, 2, 67, 615, 'BL8 2LF', 'Haig road', '82', 1, 0),
(1455, 788, 9, NULL, 616, '1747 SL', 'Mosterdpot', '38', 1, 0),
(1456, 789, 2, 44, 617, 'PE30 5PW', 'Windsor park', '14', 1, 0),
(1457, 790, 1, NULL, 618, '35010', 'Via pastore 36/2', '', 1, 0),
(1458, 791, 5, NULL, 296, '2910', 'Eksterlaan', '13', 1, 0),
(1459, 792, 10, NULL, 619, '639 00', 'Grmalova', '9', 1, 0),
(1460, 793, 2, NULL, 620, 'SO40 8JS', 'Winchester way', '48', 1, 0),
(1461, 794, 18, NULL, 621, '7240-909', 'Rua mourao 28', '', 1, 0),
(1462, 795, 1, 90, 622, '06122', 'Via del roscetto', '3', 1, 0),
(1463, 796, 4, NULL, 623, '51-315', 'Kiełczowska', '93', 1, 0),
(1464, 797, 2, NULL, 624, 'RM15 4NA', 'Tamar drive', '27', 1, 0),
(1465, 798, 1, 58, 625, '10024', 'Via fratelli cervi', '1', 1, 0),
(1466, 799, 2, NULL, 626, 'BA3 2RP', '10 greenfield walk', '', 1, 0),
(1467, 800, 2, 91, 627, 'BS22 8EH', 'Clarkson avenue', '15', 1, 0),
(1468, 801, 2, NULL, 83, 'OL12 8QA', '18 coppice drive', '', 1, 0),
(1469, 802, 5, NULL, 628, '1770', 'Meerstraat', '40', 1, 0),
(1470, 803, 18, NULL, 629, '2950-595', 'Rua 1º de maio lote 85 - olhos de água', '', 1, 0),
(1471, 804, 2, NULL, 56, 'PO21 2DU', 'Dorset road', '20', 1, 0),
(1472, 805, 2, NULL, 117, 'BS6 7TG', 'Cairns road', '106', 1, 0),
(1473, 806, 2, NULL, 630, 'EH30 9SG', '14 shore road', '', 1, 0),
(1474, 807, 2, NULL, 631, 'SR5 4AP', '5 kenley road', '', 1, 0),
(1475, 808, 1, NULL, 632, '59100', 'Via ciabatti 42', '', 1, 0),
(1476, 809, 2, NULL, 419, 'TN2 5LN', 'Chenies close', '42', 1, 0),
(1477, 810, 2, NULL, 50, 'CO5 0HL', 'Elwin road', '11', 1, 0),
(1478, 811, 2, NULL, 633, 'HU19 2QR', 'Elm tree bungalow', '', 1, 0),
(1479, 812, 2, 72, 634, 'CW7 3JN', 'Alt walk', '11', 1, 0),
(1480, 813, 2, NULL, 635, 'DH7 9QP', 'Coach house', '', 1, 0),
(1481, 814, 2, NULL, 636, 'NE23 6HN', 'Coltpark place', '71', 1, 0),
(1482, 815, 3, NULL, 244, '40764', 'Ringweg', '44', 1, 0),
(1483, 816, 2, NULL, 637, 'IV9 8RA', '3 fletcher gardens', '', 1, 0),
(1484, 817, 2, NULL, 638, 'LL61 5JF', 'Trem eryri', '14', 1, 0),
(1485, 818, 2, NULL, 639, 'UB1 3AN', 'Park avenue', '204', 1, 0),
(1486, 819, 9, NULL, 480, '9727 DM', 'Oldambtlaan', '29', 1, 0),
(1487, 820, 2, NULL, 73, 'SE5 8UX', 'Linwood close', '99', 1, 0),
(1488, 821, 2, NULL, 640, 'FK4 1EX', 'Dunvegan place', '17', 1, 0),
(1489, 822, 1, NULL, 641, '25075', 'Via san marco 5', '', 1, 0),
(1490, 823, 2, NULL, 642, 'HX1 3TA', 'Dunkirk house', '', 1, 0),
(1491, 824, 2, NULL, 73, 'SE7 7EJ', 'Shirley house drive', '20', 1, 0),
(1492, 825, 2, NULL, 643, 'SA1 8DR', 'St elmo avenue', '29', 1, 0),
(1493, 826, 1, NULL, NULL, '', '', '', 1, 0),
(1494, 827, 2, NULL, 163, 'NE7 7GD', 'Stonecroft gardens', '4', 1, 0),
(1495, 828, 4, NULL, 644, '32-107', 'Kąty 12', '', 1, 0),
(1496, 829, 5, NULL, 645, '1170', 'Avenue des princes brabançons', '37', 1, 0),
(1497, 830, 2, NULL, 46, 'AB15 6EB', 'Summerhill drive', '139', 1, 0),
(1498, 831, 6, NULL, 646, '3152', 'Ekelyveien 14', '', 1, 0),
(1499, 832, 3, NULL, NULL, '03645', '6245310a', '', 1, 0),
(1500, 833, 1, NULL, 647, '24050', 'Via isonzo 12', '', 1, 0),
(1501, 834, 18, NULL, 648, '2135', 'Rua general vasco gonçalves lote c', '', 1, 0),
(1502, 835, 5, NULL, 649, '7060', 'Chaussée de mons', '158', 1, 0),
(1503, 836, 1, NULL, 650, '47521', 'Via chiaramonti 91', '', 1, 0),
(1504, 837, 2, NULL, 651, 'LA21 8EQ', 'The garth', '18', 1, 0),
(1505, 838, 2, 25, 652, 'CM23 5BH', 'Plaw hatch close', '56', 1, 0),
(1506, 839, 2, 4, 182, 'GU1 3QF', 'Addison road', '58', 1, 0),
(1507, 840, 8, NULL, 653, '49800', '4 rue edith piaf', '', 1, 0),
(1508, 841, 2, NULL, 654, 'UB6 0QD', 'Whitton avenue east', '69', 1, 0),
(1509, 842, 3, NULL, 655, '35043', 'Lilienstrasse 2', '', 1, 0),
(1510, 842, 3, NULL, 655, '35043', 'Lilienstrasse', '2', 1, 0),
(1511, 843, 2, NULL, 277, 'M24 4JA', 'Ullock walk', '6', 1, 0),
(1512, 844, 2, NULL, 120, 'RH15 8TS', '25 howard avenue', '', 1, 0),
(1513, 845, 2, 25, 376, 'EN8 7QW', 'Longcroft drive', '135', 1, 0),
(1514, 846, 1, NULL, NULL, '', '', '', 1, 0),
(1515, 847, 9, NULL, NULL, '', '', '', 1, 0),
(1516, 848, 8, NULL, 656, '85150', '2 rue de la sainte emilienne', '', 1, 0),
(1517, 849, 2, NULL, 73, 'E3 4AE', 'Mornington grove', '29', 1, 0),
(1518, 850, 6, NULL, 657, '2830', 'Pa aannerudsvei 28', '', 1, 0),
(1519, 851, 9, NULL, 658, '1182 BX', 'Patrimonium laan 40', '', 1, 0),
(1520, 852, 2, 1, 659, 'TN33 0PY', 'Eastview terrace', '35', 1, 0),
(1521, 853, 12, NULL, 207, '28021', 'Marta barrientos 8 4º', '', 1, 0),
(1522, 854, 4, NULL, 660, '41-940', 'Kazimierza wielkiego 8/1/8', '', 1, 0),
(1523, 855, 2, NULL, 661, 'CW9 7TH', 'Fields farm', '', 1, 0),
(1524, 856, 1, NULL, NULL, '', '', '', 1, 0),
(1525, 857, 10, NULL, 179, '671 78', 'Litobratrice', '176', 1, 0),
(1526, 857, 10, NULL, 662, '671 78', '176', '', 1, 0),
(1527, 858, 2, 4, 663, 'GU27 1LJ', '', '', 1, 0),
(1528, 859, 8, NULL, 664, '38130', '25 pl beaumarchais', '', 1, 0),
(1529, 860, 3, NULL, NULL, '10208', '2616810a', '', 1, 0),
(1530, 861, 2, NULL, 217, 'LS7 4JS', '7 gledhow park view', '', 1, 0),
(1531, 862, 1, NULL, 665, '62100', 'Via gasparri 5', '', 1, 0),
(1532, 863, 1, NULL, 666, '21028', 'Via giuseppe mazzini', '426', 1, 0),
(1533, 864, 10, NULL, 667, '753 64', 'Lucice 9', '', 1, 0),
(1534, 865, 3, NULL, 668, '86415', 'Pestalozzistr 55', '', 1, 0),
(1535, 865, 3, NULL, 668, '86415', 'Pestalozzistr', '55', 1, 0),
(1536, 866, 4, NULL, 669, '30-011', 'Wrocławska', '67/61', 1, 0),
(1537, 867, 9, NULL, 670, '3134 NB', 'Binnensingel', '107', 1, 0),
(1538, 868, 3, NULL, 671, '42281', 'Auf dem brahm 99', '', 1, 0),
(1539, 869, 3, NULL, 43, '13409', 'Am stand 5', '', 1, 0),
(1540, 870, 8, NULL, 672, '58200', '139 rue du marechal leclerc', '', 1, 0),
(1541, 871, 2, 8, 673, 'B68 9UL', 'Victoria road', '113', 1, 0),
(1542, 872, 2, 69, 674, 'TS13 4DT', 'Cliffe avenue', '36', 1, 0),
(1543, 873, 8, NULL, 675, '23110', '1 chemin des polonais', '', 1, 0),
(1544, 874, 2, 8, 676, 'B70 0JL', 'Meyrick road', '38', 1, 0),
(1545, 875, 2, NULL, 55, 'B38 9RY', 'Greenway gardens', '36', 1, 0),
(1546, 876, 16, 65, 385, '', 'Тупик рижский', '15 чд', 1, 0),
(1547, 877, 4, NULL, 677, '66-540', 'Wiejska 8', '', 1, 0),
(1548, 878, 9, NULL, 678, '6541 XK', 'Kanaalstraat', '81', 1, 0),
(1549, 879, 1, 73, 456, '00168', 'Via cogoleto', '13', 1, 0),
(1550, 880, 3, NULL, 679, '74613', 'Obere gartenstr 8', '', 1, 0),
(1551, 881, 2, NULL, 680, 'CH65 6TH', 'Deeside close', '1', 1, 0),
(1552, 882, 2, 35, 681, 'LL57 4PG', '', '', 1, 0),
(1553, 883, 8, NULL, 682, '35700', '33 rue pierre varin de la brunelière', '', 1, 0),
(1554, 884, 8, NULL, 683, '33230', '32 rue jean jaures', '', 1, 0),
(1555, 885, 1, 92, 684, '84080', 'Via sabato de vita', '47', 1, 0),
(1556, 886, 7, 93, 685, '', 'Drumhaughley', '', 1, 0),
(1557, 887, 4, NULL, 495, '40-572', 'Załęska', '49/9', 1, 0),
(1558, 888, 2, NULL, 277, 'M30 8QH', 'Shepway court', '22', 1, 0),
(1559, 889, 2, NULL, 686, 'NP22 4PS', 'Green meadow', '30', 1, 0),
(1560, 890, 8, NULL, 687, '88120', '13 route de l\'emont', '', 1, 0),
(1561, 891, 8, NULL, 688, '91160', 'Route de montlhery', '', 1, 0),
(1562, 892, 2, NULL, 635, 'DH6 1NA', 'Moor crescent', '57', 1, 0),
(1563, 893, 2, NULL, 574, 'CV5 6LQ', 'Kingston road', '115', 1, 0),
(1564, 894, 8, NULL, 689, '91100', '23 avenue du president allende', '', 1, 0),
(1565, 895, 1, 73, 456, '00179', 'Via segesta', '1', 1, 0),
(1566, 896, 8, NULL, 690, '76190', '111 le bourg', '', 1, 0),
(1567, 897, 1, NULL, 456, '00132', 'Via onna n 4 angolo via della riserva nuova n 265', '', 1, 0),
(1568, 898, 2, NULL, 691, 'NE62 5UY', 'River bank', '17', 1, 0),
(1569, 899, 3, NULL, 692, '55545', 'Lindelstr 8', '', 1, 0),
(1570, 900, 2, NULL, NULL, 'LN6 0HZ', 'Meadowlake crescent', '34', 1, 0),
(1571, 901, 2, NULL, 434, 'NR31 8NS', 'Homesfield avenue', '35', 1, 0),
(1572, 902, 4, NULL, 669, '30-698', 'Lasogórska', '8i', 1, 0),
(1573, 903, 3, NULL, 668, '86415', 'Pestalozzistr 55', '', 1, 0),
(1574, 903, 3, NULL, 668, '86415', 'Pestalozzistr', '55', 1, 0),
(1575, 904, 2, NULL, 73, 'NW6 1BB', 'Dennington park road', '27', 1, 0),
(1576, 905, 2, 70, 693, 'LS29 9HF', 'Skipton road', '63a', 1, 0),
(1577, 906, 1, NULL, 694, '16154', 'Soliman', '10/7', 1, 0),
(1578, 907, 8, NULL, NULL, '37800', '6 rue de la manse', '', 1, 0),
(1579, 908, 8, NULL, 695, '07230', 'Le plan du four', '', 1, 0),
(1580, 909, 2, NULL, 220, 'LE3 5PU', '37 fosse road central', '', 1, 0),
(1581, 910, 12, NULL, 76, '08014', 'C/ moianes 63 1-0 2-a', '', 1, 0),
(1582, 911, 3, NULL, NULL, '96528', '0451520a', '', 1, 0),
(1583, 912, 12, NULL, 696, '11368', 'C barrio alto 100', '', 1, 0),
(1584, 913, 7, 94, 113, '', 'Sea view', '', 1, 0),
(1585, 914, 3, NULL, 697, '83083', 'Austr 5', '', 1, 0),
(1586, 915, 13, NULL, 698, '633 51', 'Uttermarksgatan', '39', 1, 0),
(1587, 916, 2, 70, 699, 'WF16 0DF', 'Lascelles road', '10', 1, 0),
(1588, 917, 8, NULL, 44, '44230', '22 rue du général duez', '', 1, 0),
(1589, 917, 8, NULL, 700, '44230', '22 rue du gal duez', '', 1, 0),
(1590, 918, 2, NULL, 701, 'TD15 2BU', 'Prior view', '50', 1, 0),
(1591, 919, 3, NULL, 443, '63263', 'Eschenweg 8', '', 1, 0),
(1592, 919, 3, NULL, 443, '63263', 'Eschenweg', '8', 1, 0),
(1593, 920, 2, NULL, 277, 'M16 7LA', 'Elwick close', '8', 1, 0),
(1594, 921, 3, NULL, 702, '07381', 'Scheunenstr 1', '', 1, 0),
(1595, 922, 8, NULL, 703, '44310', 'Le grand chemin', '', 1, 0),
(1596, 923, 2, 79, 704, 'BH20 5AR', 'Furzebrook road', '132', 1, 0),
(1597, 924, 2, 62, 705, 'L30 2SD', 'Morgan mews', '6', 1, 0),
(1598, 925, 2, NULL, 706, 'RG8 7NE', 'Short street', '2', 1, 0),
(1599, 926, 3, NULL, 707, '87439', 'Bussardweg 6', '', 1, 0),
(1600, 927, 2, NULL, 40, 'G71 6DQ', 'Seventh avenue', '6', 1, 0),
(1601, 928, 1, 7, 33, '29027', 'Via papa giovanni xxiii', '1 - 29', 1, 0),
(1602, 928, 11, NULL, 54, '8330', 'Mattenstr 22', '', 1, 0),
(1603, 928, 8, NULL, 110, '75015', '-', '', 1, 0),
(1604, 928, 5, 22, 125, '2250', 'Industrielaan 18', '', 1, 0),
(1605, 928, 3, 41, 222, '54516', 'Petrusstr 20', '', 1, 0),
(1606, 928, 3, NULL, 269, '53474', 'Max - planck - strasse 1', '', 1, 0),
(1607, 928, 2, NULL, NULL, '', '', '', 1, 0),
(1608, 928, 3, NULL, 411, '01445', 'August-bebel-str 24', '', 1, 0),
(1609, 928, 8, NULL, NULL, '', '', '', 1, 0),
(1610, 928, 3, 77, 506, '44149', 'Wulfshof str 1', '', 1, 0),
(1611, 928, 3, NULL, 708, '54429', 'Bahnhofstr 17', '', 1, 0),
(1612, 928, 8, NULL, NULL, '', '', '', 1, 0),
(1613, 928, 8, NULL, 783, '75008', '49/51 rue de ponthieu', '', 1, 0),
(1614, 928, 3, NULL, 844, '26340', 'Ellens 2', '', 1, 0),
(1615, 929, 1, 90, 709, '06039', 'Viale augusto ciuffelli', '14', 1, 0),
(1616, 930, 3, NULL, 43, '10249', 'Pufendorfstr 6a', '', 1, 0),
(1617, 931, 2, NULL, 118, 'RM3 0UB', '40 ravensbourne crescent', '', 1, 0),
(1618, 932, 1, NULL, 710, '36040', 'Via san feliciano', '', 1, 0),
(1619, 933, 2, 8, 41, 'DY3 1PS', 'Springfield grove', '52', 1, 0),
(1620, 934, 8, NULL, 711, '38000', '11 rue charreton', '', 1, 0),
(1621, 935, 8, NULL, 712, '06140', '623 che celestin freinet', '', 1, 0),
(1622, 936, 19, NULL, 713, '956 15', 'Kovarce 195', '', 1, 0),
(1623, 937, 4, NULL, 714, '15-668', 'Upalna 20/4', '', 1, 0),
(1624, 938, 2, NULL, 620, 'SO45 1RH', 'Hedley close', '4', 1, 0),
(1625, 939, 2, NULL, 715, 'NN8 3DG', 'Stanwell way', '25', 1, 0),
(1626, 940, 3, NULL, 716, '59192', 'August-bebel-str 3', '', 1, 0),
(1627, 941, 2, NULL, 24, 'WV6 9NJ', 'Aldersley road', '163', 1, 0),
(1628, 942, 19, NULL, 717, '915 01', 'Hviezdoslaovva', '14', 1, 0),
(1629, 943, 1, 95, 718, '95028', 'Via delle gardenie', '29', 1, 0),
(1630, 944, 2, NULL, 40, 'G34 9BN', 'Shandwick street', '22b', 1, 0),
(1631, 945, 1, 57, 326, '37131', 'Via altichiero', '11', 1, 0),
(1632, 946, 2, NULL, 719, 'EN6 1ER', '5 mountway', '', 1, 0),
(1633, 947, 7, 96, 720, '', 'Hillview', '', 1, 0),
(1634, 948, 1, NULL, 721, '30020', 'Via zuccarello', '13', 1, 0),
(1635, 949, 11, NULL, 722, '6596', 'Via al fiume 43', '', 1, 0),
(1636, 950, 1, 97, 723, '62024', 'Via alcide de gasperi', '83', 1, 0),
(1637, 951, 8, NULL, 187, '06200', '10 boulevard napoleon iii', '', 1, 0),
(1638, 952, 2, NULL, 724, 'TD7 4AT', '42 kingsland avenue', '', 1, 0),
(1639, 953, 2, 98, 151, 'TA6 7JY', 'Quantock meadow', '25', 1, 0),
(1640, 954, 2, 99, 725, 'CF42 6DG', 'Windsor street', '12', 1, 0),
(1641, 955, 1, 100, 726, '35010', 'Via papa giovanni xxiii', '14', 1, 0),
(1642, 956, 6, NULL, 727, '5397', 'Bekkjarvik', '', 1, 0),
(1643, 957, 2, NULL, 728, 'EN11 9FG', '10 gosse close', '', 1, 0),
(1644, 958, 7, NULL, 729, '', 'Ballyguile', '', 1, 0),
(1645, 959, 7, 101, 730, 'W91 C6W7', 'Sallins bridge', '100', 1, 0),
(1646, 960, 2, NULL, 731, 'DD11 4EP', '21', '', 1, 0),
(1647, 961, 3, NULL, 387, '81379', 'Pognerstr 40', '', 1, 0),
(1648, 962, 3, NULL, 732, '27367', 'Bahnhofstr 25a', '', 1, 0),
(1649, 963, 2, NULL, 16, 'BL1 4LG', 'Gilnow gardens', '25', 1, 0),
(1650, 964, 2, NULL, 733, 'CF47 0ST', '77 aneurin crescent', '', 1, 0),
(1651, 965, 2, NULL, 734, 'PE19 8JS', '10 crown walk', '', 1, 0),
(1652, 966, 2, NULL, 73, 'E8 4RE', 'Beck road', '3', 1, 0),
(1653, 967, 5, NULL, 735, '5081', 'Rue du moulin', '46', 1, 0),
(1654, 968, 2, 4, 736, 'KT6 7SZ', 'Tolworth road', '', 1, 0),
(1655, 969, 2, 4, 737, 'TW20 8XD', 'Wards place', '19', 1, 0),
(1656, 970, 20, NULL, 738, '2400', 'Glentevej 10 lejlighed 4-05', '', 1, 0),
(1657, 971, 2, 72, 661, 'CW8 3HR', 'Brookside', '6', 1, 0),
(1658, 972, 2, 4, 739, 'GU7 3BD', 'Summers road', '47', 1, 0),
(1659, 973, 2, 19, 258, 'B79 8QN', 'Queens way', '58', 1, 0),
(1660, 974, 2, NULL, 55, 'B42 1NE', 'Kingsdown avenue', '183', 1, 0),
(1661, 975, 19, NULL, 740, '010 08', 'Námestie ľudovíta fullu 15', '', 1, 0),
(1662, 976, 5, NULL, 741, '3800', 'Spiegelstraat', '28', 1, 0),
(1663, 977, 2, 32, 742, 'HG4 2EY', 'Kirkby road', '35', 1, 0),
(1664, 978, 1, NULL, 743, '19037', 'Via san michele 1', '', 1, 0),
(1665, 979, 4, NULL, 744, '05-250', 'Armii krajowej', '8/15', 1, 0),
(1666, 980, 2, NULL, 745, 'DN35 7TU', 'Reynolds street', '18', 1, 0),
(1667, 981, 8, NULL, 746, '01990', 'Clos de la vigne', '', 1, 0),
(1668, 982, 8, NULL, NULL, '', '', '', 1, 0),
(1669, 983, 1, 102, 747, '38035', 'Strada de sèn roch', '38', 1, 0),
(1670, 984, 2, NULL, 748, 'WF4 1LE', 'Beech avenue', '24', 1, 0),
(1671, 985, 4, NULL, 749, '21-030', 'Radawiec duży 251 b', '', 1, 0),
(1672, 986, 3, NULL, 655, '35043', 'Lilienstrasse 2', '', 1, 0),
(1673, 986, 3, NULL, 655, '35043', 'Lilienstrasse', '2', 1, 0),
(1674, 987, 21, NULL, 750, '2491', 'Jutepark 2/1/9', '2/1/9', 1, 0),
(1675, 988, 2, NULL, NULL, 'ML5 5FG', 'Portree avenue', '10', 1, 0),
(1676, 989, 2, 61, 357, 'S41 0LF', 'Fernwood close', '9', 1, 0),
(1677, 990, 1, 42, 751, '36072', 'Via ludovico ariosto', '4', 1, 0),
(1678, 991, 2, NULL, 752, 'DH3 2HY', 'Glenluce', '32', 1, 0),
(1679, 992, 2, NULL, 753, 'TA3 6BW', 'Little thatch', '', 1, 0),
(1680, 993, 2, NULL, 754, 'TN38 0QU', '5 dane road', '', 1, 0),
(1681, 994, 8, NULL, NULL, '', '', '', 1, 0),
(1682, 995, 2, NULL, 40, 'G78 1JT', 'Kerr street', '10', 1, 0),
(1683, 996, 2, NULL, 16, 'BL4 9RR', 'Pear tree drive', '2', 1, 0),
(1684, 997, 1, 7, 33, '29027', 'Via papa giovanni xxiii', '1 - 29', 1, 0),
(1685, 997, 11, NULL, 54, '8330', 'Mattenstr 22', '', 1, 0),
(1686, 997, 8, NULL, 110, '75015', '-', '', 1, 0),
(1687, 997, 5, 22, 125, '2250', 'Industrielaan 18', '', 1, 0),
(1688, 997, 3, 41, 222, '54516', 'Petrusstr 20', '', 1, 0),
(1689, 997, 3, NULL, 269, '53474', 'Max - planck - strasse 1', '', 1, 0),
(1690, 997, 2, NULL, NULL, '', '', '', 1, 0),
(1691, 997, 3, NULL, 411, '01445', 'August-bebel-str 24', '', 1, 0),
(1692, 997, 8, NULL, NULL, '', '', '', 1, 0),
(1693, 997, 3, 77, 506, '44149', 'Wulfshof str 1', '', 1, 0),
(1694, 997, 3, NULL, 708, '54429', 'Bahnhofstr 17', '', 1, 0),
(1695, 997, 8, NULL, NULL, '', '', '', 1, 0),
(1696, 997, 8, NULL, 783, '75008', '49/51 rue de ponthieu', '', 1, 0),
(1697, 997, 3, NULL, 844, '26340', 'Ellens 2', '', 1, 0),
(1698, 998, 2, NULL, 755, 'DL1 1LP', 'Paton way', '15', 1, 0),
(1699, 999, 5, NULL, 756, '5000', 'Avenue albert 1er', '19', 1, 0),
(1700, 1000, 2, NULL, NULL, 'PE10 0GE', 'Cowslip crescent', '2', 1, 0),
(1701, 1001, 15, NULL, 757, '90510', 'Mesaanitie 6 a 26', '', 1, 0),
(1702, 1002, 3, NULL, 758, '71159', 'Zahnengartenstr 19', '', 1, 0),
(1703, 1003, 2, NULL, NULL, '', '107 springfield gardens', '', 1, 0),
(1704, 1004, 12, NULL, 759, '08458', 'San bernat 25', '', 1, 0),
(1705, 1005, 3, NULL, 760, '24223', 'Eiderstr 6', '', 1, 0),
(1706, 1006, 1, NULL, 761, '40018', 'Via armando stagni 60l', '', 1, 0),
(1707, 1007, 2, NULL, 116, 'TW3 1SX', 'Pears road', '25', 1, 0),
(1708, 1008, 4, NULL, 495, '40-578', 'Wodospady 64 a m 8', '', 1, 0),
(1709, 1009, 9, NULL, 762, '1324 SZ', '\'s-gravenhagehof', '40', 1, 0),
(1710, 1010, 2, NULL, 763, 'LU7 3WJ', 'Millstream way', '45', 1, 0),
(1711, 1011, 12, NULL, 76, '08033', 'Las agudes 134 3 1', '', 1, 0),
(1712, 1012, 8, NULL, 764, '13015', '171 avenue roger salengro', '', 1, 0),
(1713, 1013, 5, NULL, 765, '2580', 'Kapelhof', '6', 1, 0),
(1714, 1014, 2, NULL, 766, 'RG9 1SG', 'Holly lodge', '', 1, 0),
(1715, 1015, 12, NULL, 767, '36380', 'Carrasquedo de abaixo 9 casa', '', 1, 0),
(1716, 1016, 3, NULL, 101, '18119', 'An den buhnen 5', '', 1, 0),
(1717, 1017, 2, NULL, 768, 'ME7 5NE', 'Eva road', '10', 1, 0),
(1718, 1018, 3, NULL, 769, '25524', 'Am paradies', '2', 1, 0),
(1719, 1019, 2, NULL, 73, 'E14 8AH', 'Three colt street', '', 1, 0),
(1720, 1020, 2, NULL, 73, 'E6 5RB', 'Sapphire cl', '10', 1, 0),
(1721, 1021, 3, NULL, 770, '53115', 'Kaufmannstr', '57', 1, 0),
(1722, 1022, 13, NULL, 771, '218 33', 'Pärlugglevägen 32', '', 1, 0),
(1723, 1023, 2, 29, 772, 'NG33 5PE', 'Chestnut grove', '10', 1, 0),
(1724, 1024, 3, NULL, 773, '17194', 'Hallaliter weg 23', '', 1, 0),
(1725, 1025, 3, NULL, 774, '04600', 'Dreschaer dorfstr 2', '', 1, 0),
(1726, 1026, 2, 103, 775, 'LE10 2TR', 'Burbage road', '19', 1, 0),
(1727, 1027, 3, NULL, 776, '52076', 'Trierer str', '942', 1, 0),
(1728, 1028, 2, NULL, 66, 'HD2 2JR', 'Bradford road', '650', 1, 0),
(1729, 1029, 1, NULL, 777, '60027', 'Strigola', '28', 1, 0),
(1730, 1030, 1, NULL, 778, '80078', 'Via vecchia delle vigne', '11', 1, 0),
(1731, 1031, 2, 10, 569, 'PO9 4AQ', 'Freeley road', '29', 1, 0),
(1732, 1032, 2, NULL, 201, 'DN7 6SQ', '68 amanda drive', '', 1, 0),
(1733, 1033, 2, NULL, 779, 'DE45 1RD', 'Flat 10 riverside court', '', 1, 0),
(1734, 1034, 3, NULL, NULL, '', '', '', 1, 0),
(1735, 1035, 3, NULL, 780, '30853', 'Tempelhofer str 8', '', 1, 0),
(1736, 1036, 2, NULL, 434, 'NR31 7PA', 'Isis close', '1', 1, 0),
(1737, 1037, 2, 4, 781, 'GU16 8BS', 'Ansell road', '7', 1, 0),
(1738, 1038, 9, NULL, 782, '6102 EP', 'In de planten', '19', 1, 0),
(1739, 1039, 1, 7, 33, '29027', 'Via papa giovanni xxiii', '1 - 29', 1, 0),
(1740, 1039, 11, NULL, 54, '8330', 'Mattenstr 22', '', 1, 0),
(1741, 1039, 8, NULL, 110, '75015', '-', '', 1, 0),
(1742, 1039, 5, 22, 125, '2250', 'Industrielaan 18', '', 1, 0),
(1743, 1039, 3, 41, 222, '54516', 'Petrusstr 20', '', 1, 0),
(1744, 1039, 3, NULL, 269, '53474', 'Max - planck - strasse 1', '', 1, 0),
(1745, 1039, 2, NULL, NULL, '', '', '', 1, 0),
(1746, 1039, 3, NULL, 411, '01445', 'August-bebel-str 24', '', 1, 0),
(1747, 1039, 8, NULL, NULL, '', '', '', 1, 0),
(1748, 1039, 3, 77, 506, '44149', 'Wulfshof str 1', '', 1, 0),
(1749, 1039, 3, NULL, 708, '54429', 'Bahnhofstr 17', '', 1, 0),
(1750, 1039, 8, NULL, NULL, '', '', '', 1, 0),
(1751, 1039, 8, NULL, 783, '75008', '49/51 rue de ponthieu', '', 1, 0),
(1752, 1039, 3, NULL, 844, '26340', 'Ellens 2', '', 1, 0),
(1753, 1040, 4, NULL, 784, '36-002', 'Stobierna 743', '', 1, 0),
(1754, 1041, 2, NULL, 367, 'NN7 4BW', 'Orchard way', '20', 1, 0),
(1755, 1042, 2, 25, 785, 'EN5 4BL', 'Wood street', '61', 1, 0),
(1756, 1043, 2, NULL, 608, 'TQ12 5DN', '12 rosehill gardens', '', 1, 0),
(1757, 1044, 8, NULL, 786, '91210', '54 avenue des ormes', '', 1, 0),
(1758, 1045, 3, NULL, 787, '98617', 'Am kiliansberg 52', '', 1, 0),
(1759, 1046, 2, NULL, 788, 'PL31 1BW', 'Halgavor road', '15', 1, 0),
(1760, 1047, 3, NULL, 506, '44139', 'Kreuzstr 66b', '', 1, 0),
(1761, 1048, 19, NULL, 789, '925 21', 'J dalloša 10916', '', 1, 0),
(1762, 1049, 1, 104, 790, '81100', 'Viale abramo lincoln', '47', 1, 0),
(1763, 1050, 11, NULL, 791, '1971', 'Route des combes 87', '', 1, 0),
(1764, 1051, 2, NULL, 792, 'DA2 7AZ', 'Tredegar road', '60', 1, 0),
(1765, 1052, 1, 23, 441, '20138', 'Via guido ucelli di nemi', '17', 1, 0),
(1766, 1053, 12, NULL, 76, '08031', 'Valle de ordesa 1 4º 3º', '', 1, 0),
(1767, 1054, 2, NULL, 793, 'NE29 7NA', '50 balkwell green', '', 1, 0),
(1768, 1055, 2, 8, 41, 'DY2 8EF', 'Buffery road', '90', 1, 0),
(1769, 1055, 2, NULL, 41, 'DY2 8EF', 'Buffery road', '90', 1, 0),
(1770, 1056, 1, NULL, 794, '35132', 'Via tullio lombardo', '14', 1, 0),
(1771, 1057, 1, 43, 795, '20811', 'Via nicolò copernico', '6', 1, 0),
(1772, 1058, 5, NULL, 796, '4218', 'Rue simon', '13', 1, 0),
(1773, 1059, 4, NULL, 797, '16-406', 'Kupowo 25', '', 1, 0),
(1774, 1060, 10, NULL, 798, '160 00', '', '', 1, 0),
(1775, 1061, 3, NULL, 104, '51063', 'Edith-stein-str 10', '', 1, 0),
(1776, 1062, 8, NULL, 799, '28630', '15 rue de corancez', '', 1, 0),
(1777, 1063, 8, NULL, 800, '83470', '740 chemin de la clemenciere', '', 1, 0),
(1778, 1064, 6, NULL, 801, '1444', 'Jørnsebakken 28', '', 1, 0),
(1779, 1065, 2, NULL, 73, 'W7 2LU', 'Studley grange road', '17', 1, 0),
(1780, 1066, 2, NULL, NULL, 'LU3 3XP', 'Milverton green', '35', 1, 0),
(1781, 1067, 2, 105, 802, 'NE63 0DL', 'Kingfisher close', '9', 1, 0),
(1782, 1068, 3, NULL, 803, '89257', 'Von-kleist-str 7', '', 1, 0),
(1783, 1069, 1, 73, 456, '00118', 'Placanica', '38', 1, 0),
(1784, 1070, 3, NULL, 804, '73760', 'Panoramastr 93', '', 1, 0),
(1785, 1071, 2, NULL, 805, 'B90 3RT', '19 radbourne road', '', 1, 0),
(1786, 1072, 8, NULL, 806, '66750', 'Imp edgard varese', '', 1, 0),
(1787, 1073, 2, NULL, 807, 'NR28 0HB', 'Bridge court 2 cromer road', '', 1, 0),
(1788, 1074, 2, NULL, 620, 'SO15 8PG', 'Regents park road', '54', 1, 0),
(1789, 1075, 2, NULL, 808, 'LL65 2AD', 'Pen gerddi', '12', 1, 0),
(1790, 1076, 2, 18, 809, 'CT10 2XJ', 'Binnie close', '6', 1, 0),
(1791, 1077, 5, NULL, 810, '2650', 'Prins boudewijnlaan', '233', 1, 0),
(1792, 1078, 8, NULL, 811, '49150', '16 chemin de rigne', '', 1, 0),
(1793, 1079, 2, NULL, 812, 'HU15 2DS', 'Cedar lodge nine gates', '', 1, 0),
(1794, 1080, 2, 10, 813, 'SO53 2PX', 'Octavia gardens', '8', 1, 0),
(1795, 1081, 3, NULL, 814, '88299', 'Heggelbach', '17', 1, 0),
(1796, 1082, 2, NULL, 163, 'NE5 2ND', 'Wellfield lane', '', 1, 0),
(1797, 1083, 2, NULL, 570, 'LU1 1NZ', 'Shirley road', '38', 1, 0),
(1798, 1084, 1, NULL, 815, '44011', 'Via di mezzo 18', '', 1, 0),
(1799, 1085, 2, NULL, NULL, 'SY13 7DR', 'Ottobank cottage', '', 1, 0),
(1800, 1086, 1, 68, 816, '16039', 'Villa scorza', '6', 1, 0),
(1801, 1087, 8, NULL, 817, '76130', '23 r asp j boutrolle estaimbuc', '', 1, 0),
(1802, 1088, 2, NULL, 818, 'DN40 2DS', 'Steeping drive', '41', 1, 0),
(1803, 1089, 2, NULL, 367, 'NN5 5NP', 'Ellesmere avenue', '33', 1, 0),
(1804, 1090, 2, 106, 755, 'DL1 4BA', 'Leonard street', '26', 1, 0),
(1805, 1091, 1, NULL, 819, '71016', 'Zannotti', '100', 1, 0),
(1806, 1092, 3, NULL, NULL, '03818', '7337830a', '', 1, 0),
(1807, 1093, 3, NULL, 820, '61191', 'Hessenring', '20', 1, 0),
(1808, 1094, 8, NULL, 821, '51530', 'Rue ferrte 2', '', 1, 0),
(1809, 1095, 3, NULL, 822, '06449', 'Helmut-welz-str 31', '', 1, 0),
(1810, 1096, 2, NULL, 277, 'M12 4LN', 'Lidbrook walk', '10', 1, 0),
(1811, 1097, 8, NULL, 823, '04130', 'Rue mendes france', '', 1, 0),
(1812, 1098, 18, NULL, 824, '3350', 'Mote friio benfeita', '', 1, 0),
(1813, 1099, 2, NULL, NULL, 'HR9 7HB', 'Three crosses road', '65', 1, 0),
(1814, 1100, 4, NULL, 825, '63-720', 'Klasztorna 37/4', '', 1, 0),
(1815, 1101, 2, 107, 826, 'EH19 3NW', 'Myredale', '36', 1, 0),
(1816, 1102, 2, 108, 827, 'HA3 6LN', 'Courtenay avenue', '126', 1, 0),
(1817, 1103, 3, NULL, 518, '90461', 'Nibelungenstr 9', '', 1, 0),
(1818, 1104, 2, 29, 772, 'NG31 7BY', 'Harris way', '36', 1, 0),
(1819, 1105, 6, NULL, 828, '9441', 'Auraveien 4', '', 1, 0),
(1820, 1106, 2, NULL, 277, 'M41 7EQ', 'Lewis avenue', '8', 1, 0),
(1821, 1107, 3, NULL, 829, '71522', 'Bromberger straße 8/1', '', 1, 0),
(1822, 1108, 3, NULL, 830, '63071', 'Dornbuschstr 47', '', 1, 0),
(1823, 1109, 8, NULL, 831, '95110', 'Rue jacques desforges 4', '', 1, 0),
(1824, 1110, 3, NULL, 832, '63933', 'Nelkenweg 2', '', 1, 0),
(1825, 1111, 2, NULL, 38, 'ST2 8HA', 'Birchfield road', '9', 1, 0),
(1826, 1112, 2, 18, 833, 'DA12 1LZ', 'Armoury drive', '1', 1, 0),
(1827, 1113, 9, NULL, 834, '3332 PK', 'Heemraad', '86', 1, 0),
(1828, 1114, 3, NULL, 43, '13189', 'Granitzstr', '', 1, 0),
(1829, 1115, 3, NULL, 776, '52068', 'Joseph-von-görres-str 12', '', 1, 0),
(1830, 1116, 2, NULL, 835, 'B49 5NT', 'Dunnington', '29', 1, 0),
(1831, 1117, 1, 109, 836, '26010', 'Donizzetti', '8', 1, 0),
(1832, 1118, 2, 48, 337, 'PO20 8NU', 'Stocks lane', '83', 1, 0),
(1833, 1119, 3, NULL, 432, '28777', 'Lämmerweg 4', '', 1, 0),
(1834, 1120, 6, NULL, 837, '9034', 'Skotsætvegen 2', '', 1, 0),
(1835, 1121, 2, 31, 167, 'KY2 6HN', 'Barassie drive', '29', 1, 0),
(1836, 1122, 1, 23, 441, '20146', 'Via giorgio washington', '98', 1, 0),
(1837, 1123, 3, NULL, 838, '15345', 'Pappelstr 24', '', 1, 0),
(1838, 1124, 1, 110, 839, '12032', 'Via cardè in crocera', '83', 1, 0),
(1839, 1125, 2, NULL, 73, 'E9 6FB', 'Chatham place', '', 1, 0),
(1840, 1126, 1, 55, 448, '80126', 'Via alberto moravia', '39', 1, 0),
(1841, 1127, 8, NULL, 840, '77500', '21 boulevard alsace lorraine', '', 1, 0),
(1842, 1128, 7, 111, 841, '', 'Tullyallen', '', 1, 0),
(1843, 1129, 2, NULL, 73, 'W10 5LN', 'Barlby road', '163', 1, 0),
(1844, 1130, 2, NULL, 842, 'EH41 3PX', 'Vert court', '16', 1, 0),
(1845, 1131, 2, NULL, 452, 'S8 7LE', 'Lowedges road', '97', 1, 0),
(1846, 1132, 6, NULL, 843, '7620', 'Blilivegen 20', '', 1, 0),
(1847, 1133, 1, 7, 33, '29027', 'Via papa giovanni xxiii', '1 - 29', 1, 0),
(1848, 1133, 11, NULL, 54, '8330', 'Mattenstr 22', '', 1, 0),
(1849, 1133, 8, NULL, 110, '75015', '-', '', 1, 0),
(1850, 1133, 5, 22, 125, '2250', 'Industrielaan 18', '', 1, 0),
(1851, 1133, 3, 41, 222, '54516', 'Petrusstr 20', '', 1, 0),
(1852, 1133, 3, NULL, 269, '53474', 'Max - planck - strasse 1', '', 1, 0),
(1853, 1133, 2, NULL, NULL, '', '', '', 1, 0),
(1854, 1133, 3, NULL, 411, '01445', 'August-bebel-str 24', '', 1, 0),
(1855, 1133, 8, NULL, NULL, '', '', '', 1, 0),
(1856, 1133, 3, 77, 506, '44149', 'Wulfshof str 1', '', 1, 0),
(1857, 1133, 3, NULL, 708, '54429', 'Bahnhofstr 17', '', 1, 0),
(1858, 1133, 8, NULL, NULL, '', '', '', 1, 0),
(1859, 1133, 8, NULL, 783, '75008', '49/51 rue de ponthieu', '', 1, 0),
(1860, 1133, 3, NULL, 844, '26340', 'Ellens 2', '', 1, 0),
(1861, 1134, 3, NULL, 845, '65474', 'Am mainweg 13', '', 1, 0),
(1862, 1135, 2, NULL, 217, 'LS14 5QH', 'Woodview court', '2', 1, 0),
(1863, 1136, 3, NULL, NULL, '26180', '6456420a', '', 1, 0),
(1864, 1137, 3, NULL, 846, '94469', 'Donaustr 12', '', 1, 0),
(1865, 1138, 2, 44, 847, 'NR26 8XL', 'Cowslip lane', '21', 1, 0),
(1866, 1139, 4, NULL, 495, '40-719', 'Gdańska 17/75', '', 1, 0),
(1867, 1140, 2, 26, 848, 'KA30 9HH', 'Holehouse court', '', 1, 0),
(1868, 1141, 8, NULL, 849, '22590', '5 rue du goelo', '', 1, 0),
(1869, 1142, 1, NULL, 850, '16035', 'Betti', '167', 1, 0),
(1870, 1143, 2, 112, 851, 'BT36 5DU', 'Sandyknowes way', '9', 1, 0),
(1871, 1144, 2, NULL, 189, 'MK41 6DT', 'Highbury grove', '65', 1, 0),
(1872, 1145, 8, NULL, 852, '84240', '0 rue du vieux moulin', '', 1, 0),
(1873, 1146, 10, NULL, 619, '643 00', 'Blumlova 26', '', 1, 0),
(1874, 1147, 3, NULL, 853, '47055', 'Michaelstr 12', '', 1, 0),
(1875, 1148, 2, NULL, 565, 'DE22 3EX', 'Cheviot street', '4', 1, 0),
(1876, 1149, 1, NULL, 854, '25048', 'Località ponte faeto', '', 1, 0),
(1877, 1150, 2, NULL, 775, 'LE10 0EA', '3 stoke road', '', 1, 0),
(1878, 1151, 2, NULL, 855, 'EX4 9EJ', '14 gareth crescent', '', 1, 0),
(1879, 1152, 2, NULL, 856, 'NP26 4GY', 'Grove gardens', '4', 1, 0),
(1880, 1153, 2, NULL, 857, 'G84 0HW', 'Greenhill cottage', '', 1, 0),
(1881, 1154, 1, NULL, 858, '50019', 'Via pietro mascagni', '18', 1, 0);

-- --------------------------------------------------------

--
-- Структура таблицы `city`
--

CREATE TABLE `city` (
  `id` int(11) NOT NULL,
  `region_id` int(11) DEFAULT NULL,
  `sort_order` int(11) NOT NULL DEFAULT '0',
  `name` varchar(128) CHARACTER SET utf8mb4 COLLATE utf8mb4_general_ci NOT NULL,
  `code` varchar(128) CHARACTER SET utf8mb4 COLLATE utf8mb4_general_ci DEFAULT NULL,
  `status` tinyint(1) NOT NULL DEFAULT '1',
  `created_at` timestamp NOT NULL DEFAULT CURRENT_TIMESTAMP,
  `updated_at` timestamp NOT NULL DEFAULT CURRENT_TIMESTAMP
) ENGINE=InnoDB DEFAULT CHARSET=utf8mb4 COLLATE=utf8mb4_general_ci;

--
-- Дамп данных таблицы `city`
--

INSERT INTO `city` (`id`, `region_id`, `sort_order`, `name`, `code`, `status`) VALUES
(1, NULL, 0, 'Varese', 'Varese', 1),
(2, NULL, 0, 'Haywards heath', 'Haywards heath', 1),
(3, NULL, 0, 'Hirschberg an der bergstraße', 'Hirschberg an der bergstraße', 1),
(4, 1, 0, 'Crowborough', 'Crowborough', 1),
(5, NULL, 0, 'Beccles', 'Beccles', 1),
(6, NULL, 0, 'Denny', 'Denny', 1),
(7, NULL, 0, 'Horfield', 'Horfield', 1),
(8, NULL, 0, 'Newark', 'Newark', 1),
(9, 2, 0, 'Montemarciano', 'Montemarciano', 1),
(10, NULL, 0, 'Düsseldorf', 'Düsseldorf', 1),
(11, NULL, 0, 'York', 'York', 1),
(12, NULL, 0, 'Dresden', 'Dresden', 1),
(13, NULL, 0, 'Szczecin', 'Szczecin', 1),
(14, NULL, 0, 'Kiel', 'Kiel', 1),
(15, 1, 0, 'St leonards-on-sea', 'St leonards-on-sea', 1),
(16, NULL, 0, 'Bolton', 'Bolton', 1),
(17, 3, 0, 'Truro', 'Truro', 1),
(18, NULL, 0, 'Ecaussinnes-lalaing', 'Ecaussinnes-lalaing', 1),
(19, NULL, 0, 'Wiesbaden', 'Wiesbaden', 1),
(20, NULL, 0, 'Skudeneshavn', 'Skudeneshavn', 1),
(21, 4, 0, 'Dorking', 'Dorking', 1),
(22, NULL, 0, 'Hamburg', 'Hamburg', 1),
(23, NULL, 0, 'Preston', 'Preston', 1),
(24, NULL, 0, 'Wolverhampton', 'Wolverhampton', 1),
(25, NULL, 0, 'Czarne', 'Czarne', 1),
(26, 5, 0, 'Birr', 'Birr', 1),
(27, NULL, 0, 'Moyvillers', 'Moyvillers', 1),
(28, NULL, 0, 'Great harwood', 'Great harwood', 1),
(29, NULL, 0, 'Esch/alzette', 'Esch/alzette', 1),
(30, NULL, 0, 'Limburg', 'Limburg', 1),
(31, 6, 0, 'Mijdrecht', 'Mijdrecht', 1),
(32, NULL, 0, 'Osek', 'Osek', 1),
(33, 7, 0, 'Podenzano', 'Podenzano', 1),
(34, NULL, 0, 'Flörsheim am main', 'Flörsheim am main', 1),
(35, NULL, 0, 'Delft', 'Delft', 1),
(36, NULL, 0, 'Oullins', 'Oullins', 1),
(37, NULL, 0, 'Carlow', 'Carlow', 1),
(38, NULL, 0, 'Stoke-on-trent', 'Stoke-on-trent', 1),
(39, NULL, 0, 'Valgreghentino', 'Valgreghentino', 1),
(40, NULL, 0, 'Glasgow', 'Glasgow', 1),
(41, 8, 0, 'Dudley', 'Dudley', 1),
(42, NULL, 0, 'My', 'My', 1),
(43, NULL, 0, 'Berlin', 'Berlin', 1),
(44, NULL, 0, 'Saint-sébastien-sur-loire', 'Saint-sébastien-sur-loire', 1),
(45, NULL, 0, 'Bpdeletion', 'Bpdeletion', 1),
(46, NULL, 0, 'Aberdeen', 'Aberdeen', 1),
(47, 9, 0, 'Rhyl', 'Rhyl', 1),
(48, NULL, 0, 'Coulsdon', 'Coulsdon', 1),
(49, NULL, 0, 'Bruxelles', 'Bruxelles', 1),
(50, NULL, 0, 'Colchester', 'Colchester', 1),
(51, NULL, 0, 'Lembeek', 'Lembeek', 1),
(52, NULL, 0, 'Viareggio', 'Viareggio', 1),
(53, 10, 0, 'Fareham', 'Fareham', 1),
(54, NULL, 0, 'Pfaeffikon', 'Pfaeffikon', 1),
(55, NULL, 0, 'Birmingham', 'Birmingham', 1),
(56, NULL, 0, 'Bognor regis', 'Bognor regis', 1),
(57, NULL, 0, 'Ponsas', 'Ponsas', 1),
(58, NULL, 0, 'Bezons', 'Bezons', 1),
(59, NULL, 0, 'Mannheim', 'Mannheim', 1),
(60, NULL, 0, 'Binic', 'Binic', 1),
(61, NULL, 0, 'Barnsley', 'Barnsley', 1),
(62, NULL, 0, 'La rochelle', 'La rochelle', 1),
(63, NULL, 0, 'Bournemouth', 'Bournemouth', 1),
(64, NULL, 0, 'Cambridge', 'Cambridge', 1),
(65, NULL, 0, 'Bracknell', 'Bracknell', 1),
(66, NULL, 0, 'Huddersfield', 'Huddersfield', 1),
(67, 11, 0, 'Busto arsizio', 'Busto arsizio', 1),
(68, 12, 0, 'Buncrana', 'Buncrana', 1),
(69, NULL, 0, 'Milton keynes', 'Milton keynes', 1),
(70, NULL, 0, 'Knutsford', 'Knutsford', 1),
(71, 13, 0, 'Galatina', 'Galatina', 1),
(72, NULL, 0, 'Firenze', 'Firenze', 1),
(73, NULL, 0, 'London', 'London', 1),
(74, NULL, 0, 'Argelato', 'Argelato', 1),
(75, NULL, 0, 'Tidworth', 'Tidworth', 1),
(76, NULL, 0, 'Barcelona', 'Barcelona', 1),
(77, 14, 0, 'Gioia tauro', 'Gioia tauro', 1),
(78, NULL, 0, 'Heubach', 'Heubach', 1),
(79, NULL, 0, 'Ożarów', 'Ożarów', 1),
(80, NULL, 0, 'Wechselburg', 'Wechselburg', 1),
(81, NULL, 0, 'Sassari', 'Sassari', 1),
(82, NULL, 0, 'Vitry sur seine', 'Vitry sur seine', 1),
(83, NULL, 0, 'Rochdale', 'Rochdale', 1),
(84, NULL, 0, 'Slough', 'Slough', 1),
(85, NULL, 0, 'Lemförde', 'Lemförde', 1),
(86, NULL, 0, 'Praha', 'Praha', 1),
(87, NULL, 0, 'Pwllheli', 'Pwllheli', 1),
(88, NULL, 0, 'Stockholm', 'Stockholm', 1),
(89, NULL, 0, 'Rayleigh', 'Rayleigh', 1),
(90, NULL, 0, 'Pontypridd', 'Pontypridd', 1),
(91, NULL, 0, 'Issy-les-moulineaux', 'Issy-les-moulineaux', 1),
(92, 15, 0, 'Limerick', 'Limerick', 1),
(93, NULL, 0, 'Nesmy', 'Nesmy', 1),
(94, 16, 0, 'Fertőrákos', 'Fertőrákos', 1),
(95, NULL, 0, 'Kilmarnock', 'Kilmarnock', 1),
(96, NULL, 0, 'Ostiano', 'Ostiano', 1),
(97, NULL, 0, 'Meythet', 'Meythet', 1),
(98, NULL, 0, 'Riedstadt', 'Riedstadt', 1),
(99, NULL, 0, 'Ennery', 'Ennery', 1),
(100, 17, 0, 'Borgarello', 'Borgarello', 1),
(101, NULL, 0, 'Rostock', 'Rostock', 1),
(102, NULL, 0, 'Titz', 'Titz', 1),
(103, NULL, 0, 'Ollainville', 'Ollainville', 1),
(104, NULL, 0, 'Köln', 'Köln', 1),
(105, NULL, 0, 'Chmielnik', 'Chmielnik', 1),
(106, 18, 0, 'Hythe', 'Hythe', 1),
(107, NULL, 0, 'Arroyo molinos', 'Arroyo molinos', 1),
(108, NULL, 0, 'Schöneiche', 'Schöneiche', 1),
(109, NULL, 0, 'Viganello', 'Viganello', 1),
(110, NULL, 0, 'Paris', 'Paris', 1),
(111, NULL, 0, 'Calne', 'Calne', 1),
(112, NULL, 0, 'Amsterdam', 'Amsterdam', 1),
(113, 94, 0, 'Newcastle', 'Newcastle', 1),
(114, 20, 0, 'Bergamo', 'Bergamo', 1),
(115, NULL, 0, 'Taunton', 'Taunton', 1),
(116, NULL, 0, 'Hounslow', 'Hounslow', 1),
(117, NULL, 0, 'Bristol', 'Bristol', 1),
(118, NULL, 0, 'Romford', 'Romford', 1),
(119, NULL, 0, 'Kenilworth', 'Kenilworth', 1),
(120, NULL, 0, 'Burgess hill', 'Burgess hill', 1),
(121, NULL, 0, 'Stockton-on-tees', 'Stockton-on-tees', 1),
(122, NULL, 0, 'Vilanova i la geltru', 'Vilanova i la geltru', 1),
(123, NULL, 0, 'Tower road st helier', 'Tower road st helier', 1),
(124, 21, 0, 'Malonno', 'Malonno', 1),
(125, 22, 0, 'Olen', 'Olen', 1),
(126, NULL, 0, 'Edingen-neckarhausen', 'Edingen-neckarhausen', 1),
(127, NULL, 0, 'Schnaudertal', 'Schnaudertal', 1),
(128, NULL, 0, 'Horsforth', 'Horsforth', 1),
(129, 23, 0, 'Melegnano', 'Melegnano', 1),
(130, 24, 0, 'Middleton', 'Middleton', 1),
(131, NULL, 0, 'Wattenwil', 'Wattenwil', 1),
(132, NULL, 0, 'Bromley', 'Bromley', 1),
(133, 25, 0, 'Hatfield', 'Hatfield', 1),
(134, 26, 0, 'Prestwick', 'Prestwick', 1),
(135, 15, 0, 'Ballyneety', 'Ballyneety', 1),
(136, NULL, 0, 'Sersheim', 'Sersheim', 1),
(137, NULL, 0, 'A', 'A', 1),
(138, 27, 0, 'Brentwood', 'Brentwood', 1),
(139, NULL, 0, 'Apeldoorn', 'Apeldoorn', 1),
(140, NULL, 0, 'Mansfeld', 'Mansfeld', 1),
(141, NULL, 0, 'Denain', 'Denain', 1),
(142, 28, 0, 'Leamington spa', 'Leamington spa', 1),
(143, NULL, 0, 'Carmarthen', 'Carmarthen', 1),
(144, NULL, 0, 'La riviere st sauveur', 'La riviere st sauveur', 1),
(145, NULL, 0, 'Portsmouth', 'Portsmouth', 1),
(146, 29, 0, 'Gainsborough', 'Gainsborough', 1),
(147, NULL, 0, 'Bobigny', 'Bobigny', 1),
(148, NULL, 0, 'Dunfermline', 'Dunfermline', 1),
(149, NULL, 0, 'Wolmirsleben', 'Wolmirsleben', 1),
(150, NULL, 0, 'Hehlen', 'Hehlen', 1),
(151, 98, 0, 'Bridgwater', 'Bridgwater', 1),
(152, NULL, 0, 'Cardiff', 'Cardiff', 1),
(153, 30, 0, 'Ballinasloe', 'Ballinasloe', 1),
(154, NULL, 0, 'Langheaton', 'Langheaton', 1),
(155, NULL, 0, 'Oslo', 'Oslo', 1),
(156, NULL, 0, 'Eastbourn', 'Eastbourn', 1),
(157, NULL, 0, 'Ans', 'Ans', 1),
(158, NULL, 0, 'Arnhem', 'Arnhem', 1),
(159, NULL, 0, 'Perranporth', 'Perranporth', 1),
(160, NULL, 0, 'Emden', 'Emden', 1),
(161, NULL, 0, 'St malo', 'St malo', 1),
(162, NULL, 0, 'Leyland', 'Leyland', 1),
(163, NULL, 0, 'Newcastle upon tyne', 'Newcastle upon tyne', 1),
(164, NULL, 0, 'Solingen', 'Solingen', 1),
(165, NULL, 0, 'Liverpool', 'Liverpool', 1),
(166, NULL, 0, 'Leerdam', 'Leerdam', 1),
(167, 31, 0, 'Kirkcaldy', 'Kirkcaldy', 1),
(168, NULL, 0, 'Dagenham', 'Dagenham', 1),
(169, NULL, 0, 'Leigh-on-sea', 'Leigh-on-sea', 1),
(170, NULL, 0, 'Roukalahti', 'Roukalahti', 1),
(171, NULL, 0, 'Shipley', 'Shipley', 1),
(172, NULL, 0, 'Nottingham', 'Nottingham', 1),
(173, NULL, 0, 'Commercy', 'Commercy', 1),
(174, 3, 0, 'Penzance', 'Penzance', 1),
(175, NULL, 0, 'Wilhelmshaven', 'Wilhelmshaven', 1),
(176, 32, 0, 'Scarborough', 'Scarborough', 1),
(177, NULL, 0, 'Pijnacker', 'Pijnacker', 1),
(178, NULL, 0, 'Leigh on sea', 'Leigh on sea', 1),
(179, NULL, 0, 'Jirice u miroslavi', 'Jirice u miroslavi', 1),
(180, NULL, 0, 'Fontpineda palleja', 'Fontpineda palleja', 1),
(181, 33, 0, 'Imola', 'Imola', 1),
(182, 4, 0, 'Guildford', 'Guildford', 1),
(183, NULL, 0, 'Brightons', 'Brightons', 1),
(184, NULL, 0, 'Wimborne', 'Wimborne', 1),
(185, NULL, 0, 'Hünfelden', 'Hünfelden', 1),
(186, NULL, 0, 'Suhl', 'Suhl', 1),
(187, NULL, 0, 'Nice', 'Nice', 1),
(188, NULL, 0, 'Mulhouse', 'Mulhouse', 1),
(189, NULL, 0, 'Bedford', 'Bedford', 1),
(190, NULL, 0, 'Fürth', 'Fürth', 1),
(191, NULL, 0, 'Sint-genesius-rode', 'Sint-genesius-rode', 1),
(192, 34, 0, 'Newbury', 'Newbury', 1),
(193, NULL, 0, 'Morpeth', 'Morpeth', 1),
(194, 35, 0, 'Llandudno junction', 'Llandudno junction', 1),
(195, NULL, 0, 'Paderborn', 'Paderborn', 1),
(196, NULL, 0, 'Munina', 'Munina', 1),
(197, NULL, 0, 'Koblenz', 'Koblenz', 1),
(198, NULL, 0, 'Skelton', 'Skelton', 1),
(199, NULL, 0, 'Balzac', 'Balzac', 1),
(200, NULL, 0, 'Braintree', 'Braintree', 1),
(201, 36, 0, 'Doncaster', 'Doncaster', 1),
(202, NULL, 0, 'Ballycastle', 'Ballycastle', 1),
(203, NULL, 0, 'Vandieres', 'Vandieres', 1),
(204, NULL, 0, 'Havelberg', 'Havelberg', 1),
(205, 37, 0, 'Faleria', 'Faleria', 1),
(206, NULL, 0, 'Krzeszowice', 'Krzeszowice', 1),
(207, NULL, 0, 'Madrid', 'Madrid', 1),
(208, 38, 0, 'St neots', 'St neots', 1),
(209, NULL, 0, 'Fontaines', 'Fontaines', 1),
(210, 39, 0, 'Biandrate', 'Biandrate', 1),
(211, NULL, 0, 'Bishops waterm', 'Bishops waterm', 1),
(212, NULL, 0, 'Dobrcz', 'Dobrcz', 1),
(213, NULL, 0, 'Jablonec nad nisou', 'Jablonec nad nisou', 1),
(214, NULL, 0, 'Blackpool', 'Blackpool', 1),
(215, NULL, 0, 'Draženov', 'Draženov', 1),
(216, NULL, 0, 'Tortoreto', 'Tortoreto', 1),
(217, NULL, 0, 'Leeds', 'Leeds', 1),
(218, 40, 0, 'Omagh', 'Omagh', 1),
(219, NULL, 0, 'Uckfield', 'Uckfield', 1),
(220, NULL, 0, 'Leicester', 'Leicester', 1),
(221, NULL, 0, 'Московський р-он', 'Московський р-он', 1),
(222, 41, 0, 'Wittlich', 'Wittlich', 1),
(223, NULL, 0, 'La sauvetat de saveres', 'La sauvetat de saveres', 1),
(224, 42, 0, 'Vicenza', 'Vicenza', 1),
(225, NULL, 0, 'Herne', 'Herne', 1),
(226, 28, 0, 'Rugby', 'Rugby', 1),
(227, NULL, 0, 'Lisdoonvarna', 'Lisdoonvarna', 1),
(228, 18, 0, 'Birchington', 'Birchington', 1),
(229, NULL, 0, 'Sedlcany', 'Sedlcany', 1),
(230, NULL, 0, 'Montpellier', 'Montpellier', 1),
(231, NULL, 0, 'Ijsselmuiden', 'Ijsselmuiden', 1),
(232, NULL, 0, 'Valnesfjord', 'Valnesfjord', 1),
(233, NULL, 0, 'Nekoř', 'Nekoř', 1),
(234, NULL, 0, 'Lutterbach', 'Lutterbach', 1),
(235, NULL, 0, 'Hilversum', 'Hilversum', 1),
(236, NULL, 0, 'Chester', 'Chester', 1),
(237, NULL, 0, 'Hessisch lichtenau', 'Hessisch lichtenau', 1),
(238, NULL, 0, 'Motherwell', 'Motherwell', 1),
(239, NULL, 0, 'Hayes', 'Hayes', 1),
(240, NULL, 0, 'Ballots', 'Ballots', 1),
(241, 7, 0, 'Piacenza', 'Piacenza', 1),
(242, NULL, 0, 'Frampol', 'Frampol', 1),
(243, NULL, 0, 'Dale i sunnfjord', 'Dale i sunnfjord', 1),
(244, NULL, 0, 'Langenfeld (rheinland)', 'Langenfeld (rheinland)', 1),
(245, NULL, 0, 'Borehamwood', 'Borehamwood', 1),
(246, NULL, 0, 'Folkestone', 'Folkestone', 1),
(247, NULL, 0, 'Portomouro', 'Portomouro', 1),
(248, NULL, 0, 'Fachbach', 'Fachbach', 1),
(249, 43, 0, 'Usmate velate', 'Usmate velate', 1),
(250, 44, 0, 'North walsham', 'North walsham', 1),
(251, NULL, 0, 'Newport pagnell', 'Newport pagnell', 1),
(252, NULL, 0, 'Dublin 8', 'Dublin 8', 1),
(253, NULL, 0, 'Corte franca', 'Corte franca', 1),
(254, 45, 0, 'Elgin', 'Elgin', 1),
(255, NULL, 0, 'Pattensen', 'Pattensen', 1),
(256, NULL, 0, 'Clermont ferrand', 'Clermont ferrand', 1),
(257, 46, 0, 'Dublin', 'Dublin', 1),
(258, 19, 0, 'Tamworth', 'Tamworth', 1),
(259, NULL, 0, 'Plaisir', 'Plaisir', 1),
(260, NULL, 0, 'Whittlesey', 'Whittlesey', 1),
(261, 8, 0, 'Sutton coldfield', 'Sutton coldfield', 1),
(262, 47, 0, 'Castelbelforte', 'Castelbelforte', 1),
(263, 48, 0, 'Horsham', 'Horsham', 1),
(264, NULL, 0, 'Göteborg', 'Göteborg', 1),
(265, NULL, 0, 'Hove', 'Hove', 1),
(266, 10, 0, 'Bordon', 'Bordon', 1),
(267, NULL, 0, 'Brechin', 'Brechin', 1),
(268, NULL, 0, 'Gent', 'Gent', 1),
(269, NULL, 0, 'Bad neuenahr - ahrweiler', 'Bad neuenahr - ahrweiler', 1),
(270, NULL, 0, 'Oberhausen', 'Oberhausen', 1),
(271, NULL, 0, 'Vitrolles', 'Vitrolles', 1),
(272, NULL, 0, 'Bingen am rhein', 'Bingen am rhein', 1),
(273, NULL, 0, 'Tomaszów maz', 'Tomaszów maz', 1),
(274, NULL, 0, 'Belfast', 'Belfast', 1),
(275, NULL, 0, 'Helmond', 'Helmond', 1),
(276, NULL, 0, 'Cestas', 'Cestas', 1),
(277, NULL, 0, 'Manchester', 'Manchester', 1),
(278, NULL, 0, 'Baldock', 'Baldock', 1),
(279, NULL, 0, 'Millau', 'Millau', 1),
(280, NULL, 0, 'Vsetin', 'Vsetin', 1),
(281, 49, 0, 'Telford', 'Telford', 1),
(282, NULL, 0, 'Mariano comense', 'Mariano comense', 1),
(283, NULL, 0, 'Sesto san giovanni', 'Sesto san giovanni', 1),
(284, NULL, 0, 'La roche sur yon', 'La roche sur yon', 1),
(285, NULL, 0, 'Bad sooden-allendorf', 'Bad sooden-allendorf', 1),
(286, NULL, 0, 'Sarstedt', 'Sarstedt', 1),
(287, 50, 0, 'Ammanford', 'Ammanford', 1),
(288, 51, 0, 'Gilau', 'Gilau', 1),
(289, NULL, 0, 'Hombrechtikon', 'Hombrechtikon', 1),
(290, NULL, 0, 'Beerzel', 'Beerzel', 1),
(291, NULL, 0, 'Wilsele', 'Wilsele', 1),
(292, NULL, 0, 'Flensburg', 'Flensburg', 1),
(293, NULL, 0, 'Worcester', 'Worcester', 1),
(294, NULL, 0, 'Abingdon', 'Abingdon', 1),
(295, NULL, 0, 'Peterborough', 'Peterborough', 1),
(296, NULL, 0, 'Essen', 'Essen', 1),
(297, NULL, 0, 'Civitavecchia', 'Civitavecchia', 1),
(298, 52, 0, 'Cosenza', 'Cosenza', 1),
(299, NULL, 0, 'Scunthorpe', 'Scunthorpe', 1),
(300, 53, 0, 'Towcester', 'Towcester', 1),
(301, NULL, 0, 'Fleurance', 'Fleurance', 1),
(302, NULL, 0, 'La courneuve', 'La courneuve', 1),
(303, NULL, 0, 'Mysłowice', 'Mysłowice', 1),
(304, NULL, 0, 'Ostwald', 'Ostwald', 1),
(305, 54, 0, 'Dinas powys', 'Dinas powys', 1),
(306, NULL, 0, 'Ipswich', 'Ipswich', 1),
(307, NULL, 0, 'Callander', 'Callander', 1),
(308, NULL, 0, 'Cappelle la grande', 'Cappelle la grande', 1),
(309, NULL, 0, 'Gelsenkirchen', 'Gelsenkirchen', 1),
(310, NULL, 0, 'L\\\'aigle', 'L\\\'aigle', 1),
(311, NULL, 0, 'Corby', 'Corby', 1),
(312, NULL, 0, 'Lagoa', 'Lagoa', 1),
(313, NULL, 0, 'Lagnieu', 'Lagnieu', 1),
(314, NULL, 0, 'Zbehy', 'Zbehy', 1),
(315, NULL, 0, 'Tinqueux', 'Tinqueux', 1),
(316, 55, 0, 'Cardito', 'Cardito', 1),
(317, 27, 0, 'Basildon', 'Basildon', 1),
(318, NULL, 0, 'Kristiansund n', 'Kristiansund n', 1),
(319, NULL, 0, 'Kings winford', 'Kings winford', 1),
(320, NULL, 0, 'Bochum', 'Bochum', 1),
(321, 56, 0, 'Latina', 'Latina', 1),
(322, NULL, 0, 'Divonne les bains', 'Divonne les bains', 1),
(323, NULL, 0, 'Rimini', 'Rimini', 1),
(324, NULL, 0, 'Besigheim', 'Besigheim', 1),
(325, NULL, 0, 'Houghton le spring', 'Houghton le spring', 1),
(326, 57, 0, 'Verona', 'Verona', 1),
(327, NULL, 0, 'Diez', 'Diez', 1),
(328, 18, 0, 'Ashford', 'Ashford', 1),
(329, NULL, 0, 'Schoonoord', 'Schoonoord', 1),
(330, NULL, 0, 'Isolotto', 'Isolotto', 1),
(331, NULL, 0, 'Sale', 'Sale', 1),
(332, NULL, 0, 'Stuttgart', 'Stuttgart', 1),
(333, 58, 0, 'Torino', 'Torino', 1),
(334, NULL, 0, 'Santa maria', 'Santa maria', 1),
(335, NULL, 0, 'Carrara', 'Carrara', 1),
(336, NULL, 0, 'St armel', 'St armel', 1),
(337, 48, 0, 'Chichester', 'Chichester', 1),
(338, NULL, 0, 'Sobreda', 'Sobreda', 1),
(339, 1, 0, 'Heathfield', 'Heathfield', 1),
(340, 59, 0, 'Palermo', 'Palermo', 1),
(341, NULL, 0, 'Dublin 16', 'Dublin 16', 1),
(342, 60, 0, 'Миколаїв', 'Миколаїв', 1),
(343, NULL, 0, 'Neuilly sur seine', 'Neuilly sur seine', 1),
(344, NULL, 0, 'Accrington', 'Accrington', 1),
(345, NULL, 0, 'Toulouse', 'Toulouse', 1),
(346, NULL, 0, 'Oss', 'Oss', 1),
(347, NULL, 0, 'Maidenhead', 'Maidenhead', 1),
(348, NULL, 0, 'Lidköping', 'Lidköping', 1),
(349, NULL, 0, 'Perth', 'Perth', 1),
(350, NULL, 0, 'Visby', 'Visby', 1),
(351, NULL, 0, 'Esslingen am neckar', 'Esslingen am neckar', 1),
(352, 61, 0, 'Belper', 'Belper', 1),
(353, NULL, 0, 'Wickford', 'Wickford', 1),
(354, 55, 0, 'Forio', 'Forio', 1),
(355, NULL, 0, 'Chatham', 'Chatham', 1),
(356, 62, 0, 'Southport', 'Southport', 1),
(357, 61, 0, 'Chesterfield', 'Chesterfield', 1),
(358, NULL, 0, 'Worthing', 'Worthing', 1),
(359, 63, 0, 'Longhope', 'Longhope', 1),
(360, NULL, 0, 'Falkenberg', 'Falkenberg', 1),
(361, NULL, 0, 'Genzano di roma', 'Genzano di roma', 1),
(362, NULL, 0, 'Neumünster', 'Neumünster', 1),
(363, NULL, 0, 'Mezeriat', 'Mezeriat', 1),
(364, NULL, 0, 'Walsall', 'Walsall', 1),
(365, NULL, 0, 'Ermont', 'Ermont', 1),
(366, NULL, 0, 'Bielefeld', 'Bielefeld', 1),
(367, NULL, 0, 'Northampton', 'Northampton', 1),
(368, NULL, 0, 'Storkow', 'Storkow', 1),
(369, 64, 0, 'Scarperia', 'Scarperia', 1),
(370, NULL, 0, 'Massa fermana', 'Massa fermana', 1),
(371, NULL, 0, 'Strzyżów', 'Strzyżów', 1),
(372, NULL, 0, 'Karlstad', 'Karlstad', 1),
(373, NULL, 0, 'Mese', 'Mese', 1),
(374, NULL, 0, 'Lloughour', 'Lloughour', 1),
(375, NULL, 0, 'Bath', 'Bath', 1),
(376, 25, 0, 'Waltham cross', 'Waltham cross', 1),
(377, NULL, 0, 'Felm', 'Felm', 1),
(378, NULL, 0, 'Valignat', 'Valignat', 1),
(379, NULL, 0, 'Musile di piave', 'Musile di piave', 1),
(380, NULL, 0, 'Munchhouse', 'Munchhouse', 1),
(381, NULL, 0, 'Maraussan', 'Maraussan', 1),
(382, NULL, 0, 'Börßum', 'Börßum', 1),
(383, NULL, 0, 'Wigan', 'Wigan', 1),
(384, NULL, 0, 'Hull', 'Hull', 1),
(385, 65, 0, 'Маріуполь', 'Маріуполь', 1),
(386, NULL, 0, 'Turda', 'Turda', 1),
(387, NULL, 0, 'München', 'München', 1),
(388, NULL, 0, 'Meudon', 'Meudon', 1),
(389, 66, 0, 'Pescara', 'Pescara', 1),
(390, NULL, 0, 'Biberen', 'Biberen', 1),
(391, NULL, 0, 'Varennes-vauzelles', 'Varennes-vauzelles', 1),
(392, NULL, 0, 'Ulnes', 'Ulnes', 1),
(393, NULL, 0, 'Greve', 'Greve', 1),
(394, NULL, 0, 'Trollhättan', 'Trollhättan', 1),
(395, NULL, 0, 'Provins', 'Provins', 1),
(396, NULL, 0, 'Cagnes sur mer', 'Cagnes sur mer', 1),
(397, NULL, 0, 'Aubervilliers', 'Aubervilliers', 1),
(398, 67, 0, 'Barnoldswick', 'Barnoldswick', 1),
(399, NULL, 0, 'Lausanne', 'Lausanne', 1),
(400, NULL, 0, 'Ca\' de\' fabbri', 'Ca\' de\' fabbri', 1),
(401, NULL, 0, 'Bellshill', 'Bellshill', 1),
(402, 68, 0, 'Santa margherita ligure', 'Santa margherita ligure', 1),
(403, NULL, 0, 'Remscheid', 'Remscheid', 1),
(404, 63, 0, 'Tewkesbury', 'Tewkesbury', 1),
(405, NULL, 0, 'Leatherhead', 'Leatherhead', 1),
(406, NULL, 0, 'Bridgend', 'Bridgend', 1),
(407, NULL, 0, 'Bojanów', 'Bojanów', 1),
(408, NULL, 0, 'Steinbach (taunus)', 'Steinbach (taunus)', 1),
(409, 11, 0, 'Luino', 'Luino', 1),
(410, NULL, 0, 'Swindon', 'Swindon', 1),
(411, NULL, 0, 'Radebeul', 'Radebeul', 1),
(412, NULL, 0, 'Ustroń', 'Ustroń', 1),
(413, NULL, 0, 'Hem', 'Hem', 1),
(414, NULL, 0, 'Amorim', 'Amorim', 1),
(415, NULL, 0, 'Bromsgrove', 'Bromsgrove', 1),
(416, 69, 0, 'Hartlepool', 'Hartlepool', 1),
(417, NULL, 0, 'Morecambe', 'Morecambe', 1),
(418, NULL, 0, 'Zwartewaal', 'Zwartewaal', 1),
(419, NULL, 0, 'Tunbridge wells', 'Tunbridge wells', 1),
(420, NULL, 0, 'Rozenburg zh', 'Rozenburg zh', 1),
(421, NULL, 0, 'Drammen', 'Drammen', 1),
(422, NULL, 0, 'Breda', 'Breda', 1),
(423, NULL, 0, 'La neuveville', 'La neuveville', 1),
(424, NULL, 0, 'Erlenbach', 'Erlenbach', 1),
(425, NULL, 0, 'Greifswald hansestadt', 'Greifswald hansestadt', 1),
(426, NULL, 0, 'Boulogne sur gesse', 'Boulogne sur gesse', 1),
(427, NULL, 0, 'Banbury', 'Banbury', 1),
(428, NULL, 0, 'Leverkusen', 'Leverkusen', 1),
(429, NULL, 0, 'Göppingen', 'Göppingen', 1),
(430, NULL, 0, 'Merida-badajoz', 'Merida-badajoz', 1),
(431, NULL, 0, 'Wiener neudorf', 'Wiener neudorf', 1),
(432, NULL, 0, 'Bremen', 'Bremen', 1),
(433, NULL, 0, 'Neunkirchen', 'Neunkirchen', 1),
(434, NULL, 0, 'Great yarmouth', 'Great yarmouth', 1),
(435, NULL, 0, 'Livorno', 'Livorno', 1),
(436, NULL, 0, 'Mechelen', 'Mechelen', 1),
(437, NULL, 0, 'Fraserburgh', 'Fraserburgh', 1),
(438, NULL, 0, 'Englos', 'Englos', 1),
(439, NULL, 0, 'Northolt', 'Northolt', 1),
(440, 28, 0, 'Nuneaton', 'Nuneaton', 1),
(441, 23, 0, 'Milano', 'Milano', 1),
(442, NULL, 0, 'Cheltenham', 'Cheltenham', 1),
(443, NULL, 0, 'Neu-isenberg', 'Neu-isenberg', 1),
(444, NULL, 0, 'Glossop', 'Glossop', 1),
(445, NULL, 0, 'Lidzbark warmiński', 'Lidzbark warmiński', 1),
(446, 70, 0, 'Pontefract', 'Pontefract', 1),
(447, NULL, 0, 'Skrautvål', 'Skrautvål', 1),
(448, 55, 0, 'Napoli', 'Napoli', 1),
(449, 71, 0, 'Gourock', 'Gourock', 1),
(450, 72, 0, 'Stockport', 'Stockport', 1),
(451, NULL, 0, 'Hannover', 'Hannover', 1),
(452, NULL, 0, 'Sheffield', 'Sheffield', 1),
(453, NULL, 0, 'Blaasveld', 'Blaasveld', 1),
(454, NULL, 0, 'Hexoudun', 'Hexoudun', 1),
(455, NULL, 0, 'Ostrava mariánské hory', 'Ostrava mariánské hory', 1),
(456, 73, 0, 'Roma', 'Roma', 1),
(457, NULL, 0, 'Toruń', 'Toruń', 1),
(458, NULL, 0, 'St dizier', 'St dizier', 1),
(459, NULL, 0, 'Lourdes', 'Lourdes', 1),
(460, NULL, 0, 'Nowy targ', 'Nowy targ', 1),
(461, NULL, 0, 'Wien', 'Wien', 1),
(462, NULL, 0, 'Lalbenque', 'Lalbenque', 1),
(463, 74, 0, 'Worksop', 'Worksop', 1),
(464, NULL, 0, 'Josse', 'Josse', 1),
(465, NULL, 0, 'Corbion', 'Corbion', 1),
(466, 4, 0, 'Horley', 'Horley', 1),
(467, NULL, 0, 'Cortil-noirmont', 'Cortil-noirmont', 1),
(468, NULL, 0, 'Cergy', 'Cergy', 1),
(469, NULL, 0, 'Perigneux', 'Perigneux', 1),
(470, NULL, 0, 'Vesterøy', 'Vesterøy', 1),
(471, NULL, 0, 'Torrenova', 'Torrenova', 1),
(472, NULL, 0, 'Heerlen', 'Heerlen', 1),
(473, NULL, 0, 'Onstwedde', 'Onstwedde', 1),
(474, NULL, 0, 'Wohlen ag', 'Wohlen ag', 1),
(475, NULL, 0, 'Breidenbach', 'Breidenbach', 1),
(476, NULL, 0, 'Böhlen', 'Böhlen', 1),
(477, NULL, 0, 'Poznań', 'Poznań', 1),
(478, NULL, 0, 'Vranou nad toplov', 'Vranou nad toplov', 1),
(479, NULL, 0, 'Pia', 'Pia', 1),
(480, NULL, 0, 'Groningen', 'Groningen', 1),
(481, NULL, 0, 'Dundee', 'Dundee', 1),
(482, 31, 0, 'Cowdenbeath', 'Cowdenbeath', 1),
(483, NULL, 0, 'Abbiategrasso', 'Abbiategrasso', 1),
(484, NULL, 0, 'Blackburn', 'Blackburn', 1),
(485, NULL, 0, 'Sulzbach-rosenberg', 'Sulzbach-rosenberg', 1),
(486, NULL, 0, '\'s-gravenhage', '\'s-gravenhage', 1),
(487, NULL, 0, 'Lommel', 'Lommel', 1),
(488, NULL, 0, 'Dover', 'Dover', 1),
(489, NULL, 0, 'Immonville', 'Immonville', 1),
(490, 75, 0, 'San donà di piave', 'San donà di piave', 1),
(491, NULL, 0, 'Levallois-perret', 'Levallois-perret', 1),
(492, NULL, 0, 'Pori', 'Pori', 1),
(493, NULL, 0, 'Bottrop', 'Bottrop', 1),
(494, NULL, 0, 'Santarém', 'Santarém', 1),
(495, NULL, 0, 'Katowice', 'Katowice', 1),
(496, 55, 0, 'Barano d\'ischia', 'Barano d\'ischia', 1),
(497, NULL, 0, 'Bolesławiec', 'Bolesławiec', 1),
(498, 76, 0, 'North tawton', 'North tawton', 1),
(499, NULL, 0, 'Belfort', 'Belfort', 1),
(500, NULL, 0, 'Volla', 'Volla', 1),
(501, NULL, 0, 'Keith', 'Keith', 1),
(502, NULL, 0, 'Parma', 'Parma', 1),
(503, NULL, 0, 'Taranto', 'Taranto', 1),
(504, NULL, 0, 'Verberie', 'Verberie', 1),
(505, NULL, 0, 'Beckingen', 'Beckingen', 1),
(506, 77, 0, 'Dortmund', 'Dortmund', 1),
(507, NULL, 0, 'Nordkirchen', 'Nordkirchen', 1),
(508, 18, 0, 'Sheerness', 'Sheerness', 1),
(509, NULL, 0, 'Fiano romano', 'Fiano romano', 1),
(510, NULL, 0, 'Chur', 'Chur', 1),
(511, NULL, 0, 'Braunfels', 'Braunfels', 1),
(512, NULL, 0, 'Yeovil', 'Yeovil', 1),
(513, 78, 0, 'Sudbury', 'Sudbury', 1),
(514, NULL, 0, 'Marseille', 'Marseille', 1),
(515, NULL, 0, 'Mondeville', 'Mondeville', 1),
(516, NULL, 0, 'Maastricht', 'Maastricht', 1),
(517, NULL, 0, 'Kempen', 'Kempen', 1),
(518, NULL, 0, 'Nürnberg', 'Nürnberg', 1),
(519, 20, 0, 'Verdello', 'Verdello', 1),
(520, NULL, 0, 'Queensbury', 'Queensbury', 1),
(521, NULL, 0, 'San benedetto del tronto', 'San benedetto del tronto', 1),
(522, 79, 0, 'Poole', 'Poole', 1),
(523, NULL, 0, 'Dordrecht', 'Dordrecht', 1),
(524, NULL, 0, 'Vaison la romaine', 'Vaison la romaine', 1),
(525, NULL, 0, 'Bishopthorpe', 'Bishopthorpe', 1),
(526, 80, 0, 'Strongoli', 'Strongoli', 1),
(527, 81, 0, 'Montevarchi', 'Montevarchi', 1),
(528, NULL, 0, 'Trezzo sull\'adda', 'Trezzo sull\'adda', 1),
(529, NULL, 0, 'Laarne', 'Laarne', 1),
(530, NULL, 0, 'Shrewsbury', 'Shrewsbury', 1),
(531, NULL, 0, 'Inverness', 'Inverness', 1),
(532, 26, 0, 'Irvine', 'Irvine', 1),
(533, NULL, 0, 'Vikersund', 'Vikersund', 1),
(534, NULL, 0, 'Ippécourt', 'Ippécourt', 1),
(535, NULL, 0, 'Eltom', 'Eltom', 1),
(536, NULL, 0, 'Schwaikheim', 'Schwaikheim', 1),
(537, NULL, 0, 'Valence sur baise', 'Valence sur baise', 1),
(538, NULL, 0, 'Calvisson', 'Calvisson', 1),
(539, NULL, 0, 'Pont-y-pwl', 'Pont-y-pwl', 1),
(540, NULL, 0, 'Werder (havel)', 'Werder (havel)', 1),
(541, NULL, 0, 'Vidauban', 'Vidauban', 1),
(542, NULL, 0, 'Buchholz (westerwald)', 'Buchholz (westerwald)', 1),
(543, NULL, 0, 'Castellaneta', 'Castellaneta', 1),
(544, NULL, 0, 'Algés', 'Algés', 1),
(545, NULL, 0, 'Wembley', 'Wembley', 1),
(546, NULL, 0, 'Zbýšov', 'Zbýšov', 1),
(547, NULL, 0, 'Eybens', 'Eybens', 1),
(548, NULL, 0, 'Wolfsburg', 'Wolfsburg', 1),
(549, NULL, 0, 'Manzanares', 'Manzanares', 1),
(550, 11, 0, 'Cassano magnago', 'Cassano magnago', 1),
(551, NULL, 0, 'Casarano', 'Casarano', 1),
(552, NULL, 0, 'Nierstein', 'Nierstein', 1),
(553, NULL, 0, 'Kisperk nad ohri', 'Kisperk nad ohri', 1),
(554, NULL, 0, 'Werben', 'Werben', 1),
(555, 82, 0, 'Newtown', 'Newtown', 1),
(556, 83, 0, 'Newtownards', 'Newtownards', 1),
(557, NULL, 0, 'Terni', 'Terni', 1),
(558, NULL, 0, 'Anse', 'Anse', 1),
(559, NULL, 0, 'Corbeil', 'Corbeil', 1),
(560, 27, 0, 'Saffron walden', 'Saffron walden', 1),
(561, NULL, 0, 'Highworth', 'Highworth', 1),
(562, 55, 0, 'Ercolano', 'Ercolano', 1),
(563, NULL, 0, 'Villegouge', 'Villegouge', 1),
(564, NULL, 0, 'Limoges', 'Limoges', 1),
(565, NULL, 0, 'Derby', 'Derby', 1),
(566, NULL, 0, 'Baudour', 'Baudour', 1),
(567, NULL, 0, 'Itegem', 'Itegem', 1),
(568, 84, 0, 'Sacile', 'Sacile', 1),
(569, 10, 0, 'Havant', 'Havant', 1),
(570, NULL, 0, 'Luton', 'Luton', 1),
(571, 85, 0, 'San clemente', 'San clemente', 1),
(572, NULL, 0, 'Vangadizza', 'Vangadizza', 1),
(573, NULL, 0, 'Uithoorn', 'Uithoorn', 1),
(574, NULL, 0, 'Coventry', 'Coventry', 1),
(575, NULL, 0, 'Penamaior', 'Penamaior', 1),
(576, NULL, 0, 'Brønderslev', 'Brønderslev', 1),
(577, NULL, 0, 'Crediton', 'Crediton', 1),
(578, NULL, 0, 'Dumfries', 'Dumfries', 1),
(579, NULL, 0, 'Niechorz gm śepólno kraj', 'Niechorz gm śepólno kraj', 1),
(580, 86, 0, 'Grange-over-sands', 'Grange-over-sands', 1),
(581, NULL, 0, 'Bicester', 'Bicester', 1),
(582, NULL, 0, 'Whitley bay', 'Whitley bay', 1),
(583, NULL, 0, 'Conches sur gondoire', 'Conches sur gondoire', 1),
(584, 36, 0, 'Rotherham', 'Rotherham', 1),
(585, 87, 0, 'Sat valea ursilor', 'Sat valea ursilor', 1),
(586, NULL, 0, 'Füssen', 'Füssen', 1),
(587, NULL, 0, 'Varhaug', 'Varhaug', 1),
(588, 88, 0, 'Melksham', 'Melksham', 1),
(589, NULL, 0, 'Borgata massimina', 'Borgata massimina', 1),
(590, NULL, 0, 'Swadlincote', 'Swadlincote', 1),
(591, NULL, 0, 'Oakham', 'Oakham', 1),
(592, NULL, 0, 'Kingswinford', 'Kingswinford', 1),
(593, NULL, 0, 'Obergerlafingen', 'Obergerlafingen', 1),
(594, 23, 0, 'Solaro', 'Solaro', 1),
(595, 27, 0, 'Clacton-on-sea', 'Clacton-on-sea', 1),
(596, NULL, 0, 'Ås', 'Ås', 1),
(597, NULL, 0, 'Frenes sur escot', 'Frenes sur escot', 1),
(598, 34, 0, 'Thatcham', 'Thatcham', 1),
(599, NULL, 0, 'Chemnitz', 'Chemnitz', 1),
(600, NULL, 0, 'Vizze', 'Vizze', 1),
(601, 38, 0, 'Ely', 'Ely', 1),
(602, NULL, 0, 'Isernhagen', 'Isernhagen', 1),
(603, NULL, 0, 'Aouste sur sye', 'Aouste sur sye', 1),
(604, NULL, 0, 'Olomouc', 'Olomouc', 1),
(605, NULL, 0, 'Crewe', 'Crewe', 1),
(606, NULL, 0, 'Blauwestad', 'Blauwestad', 1),
(607, NULL, 0, 'Rotterdam', 'Rotterdam', 1),
(608, 76, 0, 'Newton abbot', 'Newton abbot', 1),
(609, NULL, 0, 'Edenbridge', 'Edenbridge', 1),
(610, NULL, 0, 'Kolding', 'Kolding', 1),
(611, NULL, 0, 'Wädenswil', 'Wädenswil', 1),
(612, NULL, 0, 'Lontzen', 'Lontzen', 1),
(613, NULL, 0, 'Alton', 'Alton', 1),
(614, 89, 0, 'Laigueglia', 'Laigueglia', 1),
(615, 67, 0, 'Bury', 'Bury', 1),
(616, NULL, 0, 'Tuitjenhorn', 'Tuitjenhorn', 1),
(617, 44, 0, 'King\'s lynn', 'King\'s lynn', 1),
(618, NULL, 0, 'Vigonza', 'Vigonza', 1),
(619, NULL, 0, 'Brno', 'Brno', 1),
(620, NULL, 0, 'Southampton', 'Southampton', 1),
(621, NULL, 0, 'Luz meu', 'Luz meu', 1),
(622, 90, 0, 'Perugia', 'Perugia', 1),
(623, NULL, 0, 'Wrocław', 'Wrocław', 1),
(624, NULL, 0, 'South ockendon', 'South ockendon', 1),
(625, 58, 0, 'Moncalieri', 'Moncalieri', 1),
(626, NULL, 0, 'Radstock', 'Radstock', 1),
(627, 91, 0, 'Weston-super-mare', 'Weston-super-mare', 1),
(628, NULL, 0, 'Liedekerke', 'Liedekerke', 1),
(629, NULL, 0, 'Quinta do anjo / quinta das flores', 'Quinta do anjo / quinta das flores', 1),
(630, NULL, 0, 'South queensferry', 'South queensferry', 1),
(631, NULL, 0, 'Sunderland', 'Sunderland', 1),
(632, NULL, 0, 'Prato', 'Prato', 1),
(633, NULL, 0, 'Withernsea', 'Withernsea', 1),
(634, 72, 0, 'Winsford', 'Winsford', 1),
(635, NULL, 0, 'Durham', 'Durham', 1),
(636, NULL, 0, 'Cramlington', 'Cramlington', 1),
(637, NULL, 0, 'Avoch', 'Avoch', 1),
(638, NULL, 0, 'Llanfairpwllgwyngyll', 'Llanfairpwllgwyngyll', 1),
(639, NULL, 0, 'Southall', 'Southall', 1),
(640, NULL, 0, 'Bonnybridge', 'Bonnybridge', 1),
(641, NULL, 0, 'Nave', 'Nave', 1),
(642, NULL, 0, 'Halifax', 'Halifax', 1),
(643, NULL, 0, 'Swansea', 'Swansea', 1),
(644, NULL, 0, 'Radziemice', 'Radziemice', 1),
(645, NULL, 0, 'Watermael-boitsfort', 'Watermael-boitsfort', 1),
(646, NULL, 0, 'Tolvsrød', 'Tolvsrød', 1),
(647, NULL, 0, 'Palosco', 'Palosco', 1),
(648, NULL, 0, 'Samora correia', 'Samora correia', 1),
(649, NULL, 0, 'Soignies', 'Soignies', 1),
(650, NULL, 0, 'Cesena', 'Cesena', 1),
(651, NULL, 0, 'Coniston', 'Coniston', 1),
(652, 25, 0, 'Bishop\'s stortford', 'Bishop\'s stortford', 1),
(653, NULL, 0, 'Trelaze', 'Trelaze', 1),
(654, NULL, 0, 'Greenford', 'Greenford', 1),
(655, NULL, 0, 'Bauerbach', 'Bauerbach', 1),
(656, NULL, 0, 'Le girouard', 'Le girouard', 1),
(657, NULL, 0, 'Raufoss', 'Raufoss', 1),
(658, NULL, 0, 'Amstelveen', 'Amstelveen', 1),
(659, 1, 0, 'Battle', 'Battle', 1),
(660, NULL, 0, 'Piekary śląskie', 'Piekary śląskie', 1),
(661, 72, 0, 'Northwich', 'Northwich', 1),
(662, NULL, 0, 'Litobratřice', 'Litobratřice', 1),
(663, 4, 0, 'Haslemere', 'Haslemere', 1),
(664, NULL, 0, 'Echirolles', 'Echirolles', 1),
(665, NULL, 0, 'Macerata', 'Macerata', 1),
(666, NULL, 0, 'Travedona-monate', 'Travedona-monate', 1),
(667, NULL, 0, 'Belotin', 'Belotin', 1),
(668, NULL, 0, 'Mering', 'Mering', 1),
(669, NULL, 0, 'Kraków', 'Kraków', 1),
(670, NULL, 0, 'Vlaardingen', 'Vlaardingen', 1),
(671, NULL, 0, 'Wuppertal', 'Wuppertal', 1),
(672, NULL, 0, 'Cosne cours sur loire', 'Cosne cours sur loire', 1),
(673, 8, 0, 'Oldbury', 'Oldbury', 1),
(674, 69, 0, 'Saltburn-by-the-sea', 'Saltburn-by-the-sea', 1),
(675, NULL, 0, 'Evaux les bains', 'Evaux les bains', 1),
(676, 8, 0, 'West bromwich', 'West bromwich', 1),
(677, NULL, 0, 'Stare kurowo', 'Stare kurowo', 1),
(678, NULL, 0, 'Nijmegen', 'Nijmegen', 1),
(679, NULL, 0, 'Öhringen', 'Öhringen', 1),
(680, NULL, 0, 'Ellesmere port', 'Ellesmere port', 1),
(681, 35, 0, 'Bangor', 'Bangor', 1),
(682, NULL, 0, 'Rennes', 'Rennes', 1),
(683, NULL, 0, 'Abzac', 'Abzac', 1),
(684, 92, 0, 'Pellezzano', 'Pellezzano', 1),
(685, 93, 0, 'Longford', 'Longford', 1),
(686, NULL, 0, 'Tredegar', 'Tredegar', 1),
(687, NULL, 0, 'Vagney', 'Vagney', 1),
(688, NULL, 0, 'Saulx les chartreux', 'Saulx les chartreux', 1),
(689, NULL, 0, 'Corbeil essonnes', 'Corbeil essonnes', 1),
(690, NULL, 0, 'Auzebosc', 'Auzebosc', 1),
(691, NULL, 0, 'Choppington', 'Choppington', 1),
(692, NULL, 0, 'Bad kreuznach', 'Bad kreuznach', 1),
(693, 70, 0, 'Ilkley', 'Ilkley', 1),
(694, NULL, 0, 'Sestri ponente', 'Sestri ponente', 1),
(695, NULL, 0, 'Lablachere', 'Lablachere', 1),
(696, NULL, 0, 'Estacion ferrea san roque', 'Estacion ferrea san roque', 1),
(697, NULL, 0, 'Riedering', 'Riedering', 1),
(698, NULL, 0, 'Eskilstuna', 'Eskilstuna', 1),
(699, 70, 0, 'Heckmondwike', 'Heckmondwike', 1),
(700, NULL, 0, 'Saint sebastien sur loire', 'Saint sebastien sur loire', 1),
(701, NULL, 0, 'Berwick-upon-tweed', 'Berwick-upon-tweed', 1),
(702, NULL, 0, 'Pößneck', 'Pößneck', 1),
(703, NULL, 0, 'St philbert de grand lieu', 'St philbert de grand lieu', 1),
(704, 79, 0, 'Wareham', 'Wareham', 1),
(705, 62, 0, 'Bootle', 'Bootle', 1),
(706, NULL, 0, 'Reading', 'Reading', 1),
(707, NULL, 0, 'Kempten (allgäu)', 'Kempten (allgäu)', 1),
(708, NULL, 0, 'Schillingen', 'Schillingen', 1),
(709, 90, 0, 'Trevi', 'Trevi', 1),
(710, NULL, 0, 'Alonte', 'Alonte', 1),
(711, NULL, 0, 'Grenoble', 'Grenoble', 1),
(712, NULL, 0, 'Vence', 'Vence', 1),
(713, NULL, 0, 'Kovarce', 'Kovarce', 1),
(714, NULL, 0, 'Białystok', 'Białystok', 1),
(715, NULL, 0, 'Wellingborough', 'Wellingborough', 1),
(716, NULL, 0, 'Bergkamen', 'Bergkamen', 1),
(717, NULL, 0, 'Nové mesto nad váhom', 'Nové mesto nad váhom', 1),
(718, 95, 0, 'Valverde', 'Valverde', 1),
(719, NULL, 0, 'Potters bar', 'Potters bar', 1),
(720, 96, 0, 'Waterford city', 'Waterford city', 1),
(721, NULL, 0, 'Marcon', 'Marcon', 1),
(722, NULL, 0, 'Gordola', 'Gordola', 1),
(723, 97, 0, 'Matelica', 'Matelica', 1),
(724, NULL, 0, 'Selkirk', 'Selkirk', 1),
(725, 99, 0, 'Treorchy', 'Treorchy', 1),
(726, 100, 0, 'Massanzago', 'Massanzago', 1),
(727, NULL, 0, 'Bekkjarvik', 'Bekkjarvik', 1),
(728, NULL, 0, 'Hoddesdon', 'Hoddesdon', 1),
(729, NULL, 0, 'Kilmaallock co limerick', 'Kilmaallock co limerick', 1),
(730, 101, 0, 'Naas', 'Naas', 1),
(731, NULL, 0, 'Arbroath', 'Arbroath', 1),
(732, NULL, 0, 'Hassendorf', 'Hassendorf', 1),
(733, NULL, 0, 'Merthyr tydfil', 'Merthyr tydfil', 1),
(734, NULL, 0, 'Eaton socon', 'Eaton socon', 1),
(735, NULL, 0, 'Saint-denis-bovesse', 'Saint-denis-bovesse', 1),
(736, 4, 0, 'Surbiton', 'Surbiton', 1),
(737, 4, 0, 'Egham', 'Egham', 1),
(738, NULL, 0, 'København nv', 'København nv', 1),
(739, 4, 0, 'Godalming', 'Godalming', 1),
(740, NULL, 0, 'Žilina', 'Žilina', 1),
(741, NULL, 0, 'Sint truiden', 'Sint truiden', 1),
(742, 32, 0, 'Ripon', 'Ripon', 1),
(743, NULL, 0, 'Santo stefano di magra', 'Santo stefano di magra', 1),
(744, NULL, 0, 'Radzymin', 'Radzymin', 1),
(745, NULL, 0, 'Cleethorpes', 'Cleethorpes', 1),
(746, NULL, 0, 'Baneins', 'Baneins', 1),
(747, 102, 0, 'Moena', 'Moena', 1),
(748, NULL, 0, 'Wakefield', 'Wakefield', 1),
(749, NULL, 0, 'Radawiec duży', 'Radawiec duży', 1),
(750, NULL, 0, 'Neufeld an der leitha', 'Neufeld an der leitha', 1),
(751, 42, 0, 'Chiampo', 'Chiampo', 1),
(752, NULL, 0, 'Gateshead', 'Gateshead', 1),
(753, NULL, 0, 'Somerset', 'Somerset', 1),
(754, NULL, 0, 'East sussex', 'East sussex', 1),
(755, 106, 0, 'Darlington', 'Darlington', 1),
(756, NULL, 0, 'Namur', 'Namur', 1),
(757, NULL, 0, 'Oulu', 'Oulu', 1),
(758, NULL, 0, 'Mötzingen', 'Mötzingen', 1),
(759, NULL, 0, 'Sant pere de vilamajor', 'Sant pere de vilamajor', 1),
(760, NULL, 0, 'Schwentinental', 'Schwentinental', 1),
(761, NULL, 0, 'San pietro in casale', 'San pietro in casale', 1),
(762, NULL, 0, 'Almere', 'Almere', 1),
(763, NULL, 0, 'Leighton buzzard', 'Leighton buzzard', 1),
(764, NULL, 0, 'Marseille 15', 'Marseille 15', 1),
(765, NULL, 0, 'Putte', 'Putte', 1),
(766, NULL, 0, 'Henley-on-thames', 'Henley-on-thames', 1),
(767, NULL, 0, 'Gondomar', 'Gondomar', 1),
(768, NULL, 0, 'Gillingham', 'Gillingham', 1),
(769, NULL, 0, 'Itzehoe', 'Itzehoe', 1),
(770, NULL, 0, 'Bonn', 'Bonn', 1),
(771, NULL, 0, 'Bunkeflostrand', 'Bunkeflostrand', 1),
(772, 29, 0, 'Grantham', 'Grantham', 1),
(773, NULL, 0, 'Vollrathsruhe', 'Vollrathsruhe', 1),
(774, NULL, 0, 'Altenburg', 'Altenburg', 1),
(775, 103, 0, 'Hinckley', 'Hinckley', 1),
(776, NULL, 0, 'Aachen', 'Aachen', 1),
(777, NULL, 0, 'Osimo', 'Osimo', 1),
(778, NULL, 0, 'Pozzuoli', 'Pozzuoli', 1),
(779, NULL, 0, 'Bakewell', 'Bakewell', 1),
(780, NULL, 0, 'Langenhagen', 'Langenhagen', 1),
(781, 4, 0, 'Camberley', 'Camberley', 1),
(782, NULL, 0, 'Echt', 'Echt', 1),
(783, NULL, 0, 'Paris 8', 'Paris 8', 1),
(784, NULL, 0, 'Jasionka', 'Jasionka', 1),
(785, 25, 0, 'Barnet', 'Barnet', 1),
(786, NULL, 0, 'Draveil', 'Draveil', 1),
(787, NULL, 0, 'Meiningen', 'Meiningen', 1),
(788, NULL, 0, 'Bodmin', 'Bodmin', 1),
(789, NULL, 0, 'Sládkovičovo', 'Sládkovičovo', 1),
(790, 104, 0, 'Caserta', 'Caserta', 1),
(791, NULL, 0, 'Grimisuat', 'Grimisuat', 1),
(792, NULL, 0, 'Dartford', 'Dartford', 1),
(793, NULL, 0, 'North shields', 'North shields', 1),
(794, NULL, 0, 'Padova', 'Padova', 1),
(795, 43, 0, 'Cesano maderno', 'Cesano maderno', 1),
(796, NULL, 0, 'Héron', 'Héron', 1),
(797, NULL, 0, 'Rutka-tartak', 'Rutka-tartak', 1),
(798, NULL, 0, 'Praha 6', 'Praha 6', 1),
(799, NULL, 0, 'Gellainville', 'Gellainville', 1),
(800, NULL, 0, 'Seillons source d argens', 'Seillons source d argens', 1),
(801, NULL, 0, 'Drøbak', 'Drøbak', 1),
(802, 105, 0, 'Ashington', 'Ashington', 1),
(803, NULL, 0, 'Illertissen', 'Illertissen', 1),
(804, NULL, 0, 'Ostfildern', 'Ostfildern', 1),
(805, NULL, 0, 'Solihull', 'Solihull', 1),
(806, NULL, 0, 'Saint cyprien plage', 'Saint cyprien plage', 1),
(807, NULL, 0, 'North walsham/norfolk', 'North walsham/norfolk', 1),
(808, NULL, 0, 'Holyhead', 'Holyhead', 1),
(809, 18, 0, 'Broadstairs', 'Broadstairs', 1),
(810, NULL, 0, 'Edegem', 'Edegem', 1),
(811, NULL, 0, 'Baug', 'Baug', 1),
(812, NULL, 0, 'Brough', 'Brough', 1),
(813, 10, 0, 'Eastleigh', 'Eastleigh', 1),
(814, NULL, 0, 'Leutkirch im allgäu', 'Leutkirch im allgäu', 1),
(815, NULL, 0, 'Consandolo', 'Consandolo', 1),
(816, 68, 0, 'Sestri levante', 'Sestri levante', 1),
(817, NULL, 0, 'Mont st aignan', 'Mont st aignan', 1),
(818, NULL, 0, 'Immingham', 'Immingham', 1),
(819, NULL, 0, 'San severo', 'San severo', 1),
(820, NULL, 0, 'Rosbach vor der höhe', 'Rosbach vor der höhe', 1),
(821, NULL, 0, 'St martin d\'ablois', 'St martin d\'ablois', 1),
(822, NULL, 0, 'Aschersleben', 'Aschersleben', 1),
(823, NULL, 0, 'Volx', 'Volx', 1),
(824, NULL, 0, 'Arganil', 'Arganil', 1),
(825, NULL, 0, 'Koźmin wielkopolski', 'Koźmin wielkopolski', 1),
(826, 107, 0, 'Bonnyrigg', 'Bonnyrigg', 1),
(827, 108, 0, 'Harrow', 'Harrow', 1),
(828, NULL, 0, 'Fjelldal', 'Fjelldal', 1),
(829, NULL, 0, 'Backnang', 'Backnang', 1),
(830, NULL, 0, 'Offenbach am main', 'Offenbach am main', 1),
(831, NULL, 0, 'Sannois', 'Sannois', 1),
(832, NULL, 0, 'Mönchberg', 'Mönchberg', 1),
(833, 18, 0, 'Gravesend', 'Gravesend', 1),
(834, NULL, 0, 'Zwijndrecht', 'Zwijndrecht', 1),
(835, NULL, 0, 'Alcester', 'Alcester', 1),
(836, 109, 0, 'Cremosano', 'Cremosano', 1),
(837, NULL, 0, 'Oldervik', 'Oldervik', 1),
(838, NULL, 0, 'Eggersdorf', 'Eggersdorf', 1),
(839, 110, 0, 'Barge', 'Barge', 1),
(840, NULL, 0, 'Chelles', 'Chelles', 1),
(841, 111, 0, 'Louth', 'Louth', 1),
(842, NULL, 0, 'Haddington', 'Haddington', 1),
(843, NULL, 0, 'Skogn', 'Skogn', 1),
(844, NULL, 0, 'Zetel', 'Zetel', 1),
(845, NULL, 0, 'Bischofsheim', 'Bischofsheim', 1),
(846, NULL, 0, 'Deggendorf', 'Deggendorf', 1),
(847, 44, 0, 'Sheringham', 'Sheringham', 1),
(848, 26, 0, 'Largs', 'Largs', 1),
(849, NULL, 0, 'Tremeloir', 'Tremeloir', 1),
(850, NULL, 0, 'Rapallo', 'Rapallo', 1),
(851, 112, 0, 'Newtownabbey', 'Newtownabbey', 1),
(852, NULL, 0, 'Sannes', 'Sannes', 1),
(853, NULL, 0, 'Duisburg', 'Duisburg', 1),
(854, NULL, 0, 'Sonico', 'Sonico', 1),
(855, NULL, 0, 'Exeter', 'Exeter', 1),
(856, NULL, 0, 'Church road', 'Church road', 1),
(857, NULL, 0, 'Kilcreggan', 'Kilcreggan', 1),
(858, NULL, 0, 'Sesto fiorentino', 'Sesto fiorentino', 1);

-- --------------------------------------------------------

--
-- Структура таблицы `country`
--

CREATE TABLE `country` (
  `id` int(11) NOT NULL,
  `sort_order` int(11) NOT NULL DEFAULT '0',
  `name` varchar(128) CHARACTER SET utf8mb4 COLLATE utf8mb4_general_ci NOT NULL,
  `code` varchar(32) CHARACTER SET utf8mb4 COLLATE utf8mb4_general_ci DEFAULT NULL,
  `status` tinyint(1) NOT NULL DEFAULT '1',
  `created_at` timestamp NOT NULL DEFAULT CURRENT_TIMESTAMP,
  `updated_at` timestamp NOT NULL DEFAULT CURRENT_TIMESTAMP
) ENGINE=InnoDB DEFAULT CHARSET=utf8mb4 COLLATE=utf8mb4_general_ci;

--
-- Дамп данных таблицы `country`
--

INSERT INTO `country` (`id`, `sort_order`, `name`, `code`, `status`) VALUES
(1, 0, 'IT', 'IT', 1),
(2, 0, 'GB', 'GB', 1),
(3, 0, 'DE', 'DE', 1),
(4, 0, 'PL', 'PL', 1),
(5, 0, 'BE', 'BE', 1),
(6, 0, 'NO', 'NO', 1),
(7, 0, 'IE', 'IE', 1),
(8, 0, 'FR', 'FR', 1),
(9, 0, 'NL', 'NL', 1),
(10, 0, 'CZ', 'CZ', 1),
(11, 0, 'CH', 'CH', 1),
(12, 0, 'ES', 'ES', 1),
(13, 0, 'SE', 'SE', 1),
(14, 0, 'HU', 'HU', 1),
(15, 0, 'FI', 'FI', 1),
(16, 0, 'UA', 'UA', 1),
(17, 0, 'RO', 'RO', 1),
(18, 0, 'PT', 'PT', 1),
(19, 0, 'SK', 'SK', 1),
(20, 0, 'DK', 'DK', 1),
(21, 0, 'AT', 'AT', 1);

-- --------------------------------------------------------

--
-- Структура таблицы `customer`
--

CREATE TABLE `customer` (
  `id` int(11) NOT NULL,
  `title` varchar(64) CHARACTER SET utf8mb4 COLLATE utf8mb4_general_ci DEFAULT NULL,
  `first_name` varchar(128) CHARACTER SET utf8mb4 COLLATE utf8mb4_general_ci DEFAULT NULL,
  `last_name` varchar(128) CHARACTER SET utf8mb4 COLLATE utf8mb4_general_ci DEFAULT NULL,
  `correspondence_language_id` tinyint(3) DEFAULT NULL,
  `birth_date` date DEFAULT NULL,
  `marital_status_id` tinyint(1) DEFAULT NULL,
  `gender_id` tinyint(2) DEFAULT NULL,
  `status` tinyint(1) NOT NULL DEFAULT '1',
  `created_at` timestamp NOT NULL DEFAULT CURRENT_TIMESTAMP,
  `updated_at` timestamp NOT NULL DEFAULT CURRENT_TIMESTAMP
) ENGINE=InnoDB DEFAULT CHARSET=utf8mb4 COLLATE=utf8mb4_general_ci;

--
-- Дамп данных таблицы `customer`
--

INSERT INTO `customer` (`id`, `title`, `first_name`, `last_name`, `correspondence_language_id`, `birth_date`, `marital_status_id`, `gender_id`, `status`) VALUES
(1, 'Dr.', 'Danilo', 'Ambrosini', 1, '1900-01-01', NULL, NULL, 1),
(2, 'Mrs', 'Deborah', 'Thomas', NULL, NULL, NULL, 8, 1),
(3, 'Herr', 'Markus', 'Hönninge', 2, '1900-01-01', NULL, 9, 1),
(4, 'Mrs', 'Sheila', 'Spiller', 3, NULL, NULL, NULL, 1),
(5, 'Mrs', 'Rosemary', 'Bailey', 3, NULL, NULL, NULL, 1),
(6, 'Mr', 'G', 'Russell', 3, '1900-01-01', NULL, 9, 1),
(7, 'Mr', 'Mark', 'Robins', 3, NULL, NULL, 9, 1),
(8, 'Mrs', 'Elaine', 'Thomson', 3, '1900-01-01', NULL, 8, 1),
(9, '', 'Mario', 'Bartolucci', 1, '1900-01-01', NULL, 9, 1),
(10, 'Herr', 'Marvin', 'Brockob', 2, '1900-01-01', NULL, 9, 1),
(11, 'Mrs', 'Kathleen', 'Renshaw', 3, NULL, NULL, 8, 1),
(12, 'Frau', 'Katharina', 'Meyer', 2, '1900-01-01', NULL, 8, 1),
(13, 'Pan', 'Krzysztof', 'Gres', 4, '1900-01-01', NULL, 9, 1),
(14, 'Frau', 'Ivonne', 'Sommer', 2, '1900-01-01', NULL, 8, 1),
(15, 'Mr', 'P', 'Page', 3, '1900-01-01', NULL, 9, 1),
(16, 'Miss', 'D', 'France', 3, NULL, NULL, 8, 1),
(17, 'Mrs', 'Jean', 'Blonfield', 3, NULL, NULL, 8, 1),
(18, 'Monsieur', 'Frederic', 'Locquet', 5, '1900-01-01', NULL, 9, 1),
(19, 'Frau', '', 'A0230326', 2, '1900-01-01', NULL, 8, 1),
(20, 'Frau', 'Susann', 'Wiffler', 2, '1900-01-01', NULL, 8, 1),
(21, '', '', 'Haugen pål', 6, '1900-01-01', NULL, NULL, 1),
(22, 'Miss', 'Hayley', 'Walden', 3, '1900-01-01', NULL, 8, 1),
(23, 'Frau', 'Linda', 'Sabi', 2, '1900-01-01', NULL, 8, 1),
(24, 'Mr', 'Kyle', 'Richardson', NULL, NULL, NULL, NULL, 1),
(25, 'Mr', 'Simon', 'Pritchard', 3, NULL, NULL, 9, 1),
(26, 'Mrs', 'Nazia', 'Ilyas', 3, NULL, NULL, 8, 1),
(27, 'Pan', 'Zbigniew', 'Kaczmarek', 4, '1900-01-01', NULL, 9, 1),
(28, 'Mr', 'Philip', 'Wales', 3, '1900-01-01', NULL, NULL, 1),
(29, 'Monsieur', 'Fabien', 'Legrand', 5, '1900-01-01', NULL, 9, 1),
(30, 'Mrs', 'E', 'Shuttleworth', 3, '1900-01-01', NULL, 8, 1),
(31, '', 'Live', 'New', 5, '1900-01-01', NULL, NULL, 1),
(32, 'Herr', 'Florian', 'Streb', 2, '1900-01-01', NULL, 9, 1),
(33, '', '', 'Spronk', 7, '1900-01-01', NULL, NULL, 1),
(34, 'Paní', 'Iveta', 'Piskackova', 8, '1900-01-01', NULL, 8, 1),
(35, '', '', '', NULL, NULL, NULL, NULL, 1),
(36, 'Frau', 'Gabriele', 'Guidi', 2, '1900-01-01', NULL, 8, 1),
(37, 'Mevr.', '', 'Klejn', 7, '1900-01-01', NULL, 8, 1),
(38, 'Monsieur', 'Yann', 'Malavaud', 5, '1900-01-01', NULL, 9, 1),
(39, 'Mrs', 'M', 'Aylesbury', 3, NULL, NULL, 8, 1),
(40, 'Mr', '', 'Joynson', 3, NULL, NULL, NULL, 1),
(41, 'Sig.', 'Gianni', 'Gilardi', 1, '1900-01-01', NULL, 9, 1),
(42, 'Mr', 'M', 'Smajgor', 3, NULL, NULL, NULL, 1),
(43, 'Mr', 'A', 'Ali', 3, NULL, NULL, 9, 1),
(44, 'Monsieur', '', 'Grignet', 5, '1900-01-01', NULL, 9, 1),
(45, 'Frau', 'Susan', 'Korakli-watfe', 2, '1900-01-01', NULL, 8, 1),
(46, 'Madame', 'Elodie', 'Tremblay', 5, '1900-01-01', NULL, NULL, 1),
(47, 'Pani', 'M', 'S', 4, '1900-01-01', NULL, 8, 1),
(48, 'Mr', 'D', 'Bowers', 3, NULL, NULL, NULL, 1),
(49, 'Mrs', 'A', 'Jones', 3, NULL, NULL, NULL, 1),
(50, 'Mrs', 'G', 'Hewson', 3, NULL, NULL, 8, 1),
(51, 'Mademoiselle', 'Maurizio', 'Dangelo', 5, NULL, NULL, 8, 1),
(52, 'Mrs', '', 'Hillyard', 3, NULL, NULL, NULL, 1),
(53, 'Fam.', '', 'Blommaert', 7, '1900-01-01', NULL, NULL, 1),
(54, 'Sig.na', 'Gabriella', 'Gabrielli', 1, '1900-01-01', NULL, 8, 1),
(55, 'Mrs', 'P', 'Mcminn', 3, NULL, NULL, 8, 1),
(56, '', '', '', NULL, NULL, NULL, NULL, 1),
(57, '', 'Martial', 'Poitevin', 5, '1900-01-01', NULL, NULL, 1),
(58, 'Mrs', 'R', 'Singh', 3, NULL, NULL, NULL, 1),
(59, 'Mr', 'Dm', 'Hazzard', 3, '1900-01-01', NULL, 9, 1),
(60, 'Monsieur', '', 'Monsieur & madame monchalin', 5, '1900-01-01', NULL, 9, 1),
(61, 'Mrs', '', 'Daniel', 3, NULL, NULL, 8, 1),
(62, 'Madame', 'Colette', 'Witz', 5, '1900-01-01', NULL, 8, 1),
(63, 'Frau', 'Anja', 'Hennrich', 2, '1900-01-01', NULL, 8, 1),
(64, 'Monsieur', '', 'Le fer remy', 5, NULL, NULL, 9, 1),
(65, 'Mr', 'G', 'Smith', 3, '1900-01-01', NULL, 9, 1),
(66, 'Monsieur', 'Dominique', 'Giraud', 5, '1900-01-01', NULL, 9, 1),
(67, 'Mrs', 'H', 'Mason', 3, NULL, NULL, 8, 1),
(68, 'Mr', 'Mc', 'Rolph', 3, '1900-01-01', NULL, 9, 1),
(69, 'Mrs', 'G', 'Chodha', 3, NULL, NULL, NULL, 1),
(70, 'Mrs', '', 'Edwards', 3, NULL, NULL, NULL, 1),
(71, 'Sig.ra', 'Loredana', 'Cappello', 1, NULL, NULL, 8, 1),
(72, 'Mrs', 'Avril', 'Mcmenamin', 3, '1900-01-01', NULL, 8, 1),
(73, 'Mrs', '', 'Bowen', 3, '1900-01-01', NULL, 8, 1),
(74, 'Ms', 'K', 'Seal', 3, '1900-01-01', NULL, 8, 1),
(75, 'Sig.', 'Antonio', 'Romano', 1, '1900-01-01', NULL, 9, 1),
(76, 'Dr.', 'Enzo', 'Lusini', 1, '1900-01-01', NULL, NULL, 1),
(77, 'Mrs', 'To', 'Haworth', 3, NULL, NULL, 8, 1),
(78, 'Sig.', 'Matteo', 'Lazzari', 1, '1900-01-01', NULL, 9, 1),
(79, 'Mr', 'Stuart', 'Duncan', 3, NULL, NULL, 9, 1),
(80, 'Miss', 'Nuria', 'Carrera torrent', 9, '1900-01-01', NULL, 8, 1),
(81, 'Mr', 'M', 'Aarons', 3, NULL, NULL, NULL, 1),
(82, '', 'Ernani', 'Ritrovato', 1, NULL, NULL, NULL, 1),
(83, 'Frau', 'Michaela', 'Cardillo', 2, '1900-01-01', NULL, 8, 1),
(84, 'Pani', 'Henryka', 'Jędrzejewska', 4, '1900-01-01', NULL, 8, 1),
(85, 'Frau', 'Ina', 'Schaller', 2, '1900-01-01', NULL, 8, 1),
(86, 'Sig.ra', 'Maria immacolata', 'Amorelli', 1, '1900-01-01', NULL, 8, 1),
(87, 'Monsieur', 'Henriette', 'Camacho', 5, '1900-01-01', NULL, 9, 1),
(88, 'Mrs', 'Wendy', 'Lord', 3, NULL, NULL, NULL, 1),
(89, 'Mr', 'Naseer', 'Ahmed', 3, NULL, NULL, 9, 1),
(90, 'Frau', 'Jasmin', 'Fyed jasmin', 2, '1900-01-01', NULL, 8, 1),
(91, 'Pan', 'Roman', 'Brada', 8, '1900-01-01', NULL, 9, 1),
(92, 'Frau', '', 'A0107853', 2, '1900-01-01', NULL, 8, 1),
(93, 'Mr', 'A', 'Ball', 3, NULL, NULL, 9, 1),
(94, '', '', 'Bojana radovic', 10, '1900-01-01', NULL, NULL, 1),
(95, 'Mrs', 'Jane', 'Bragg', 3, NULL, NULL, 8, 1),
(96, 'Mrs', 'G', 'Singh', 3, NULL, NULL, NULL, 1),
(97, 'Frau', '', 'A0078254', 2, '1900-01-01', NULL, 8, 1),
(98, 'Mr', 'P', 'Davies', 3, NULL, NULL, 9, 1),
(99, 'Frau', '', 'A0056255', 2, '1900-01-01', NULL, 8, 1),
(100, 'Madame', 'Janine', 'Brale', 5, '1900-01-01', NULL, 8, 1),
(101, 'Mrs', 'Kathleen', 'Murry', 3, NULL, NULL, NULL, 1),
(102, '', 'Xavier', 'Mary', 5, '1900-01-01', NULL, NULL, 1),
(103, '', 'Németh', 'Lajos', 11, '1900-01-01', NULL, NULL, 1),
(104, 'Mrs', 'C', 'Speirs', 3, NULL, NULL, 8, 1),
(105, 'Sig.', 'Antonio', 'Feroldi', 1, '1900-01-01', NULL, 9, 1),
(106, 'Pan', 'R', 'R', 4, '1900-01-01', NULL, 9, 1),
(107, 'Mademoiselle', 'Solenne', 'Prieur', 5, '1900-01-01', NULL, 8, 1),
(108, 'Frau', 'Camilla', 'Wolf', 2, '1900-01-01', NULL, 8, 1),
(109, '', '- 049673864', 'Darty', 5, '1900-01-01', NULL, NULL, 1),
(110, 'Sig.ra', 'Elena', 'Bollani', 1, '1900-01-01', NULL, 8, 1),
(111, 'Frau', 'Mendi', 'Harm', 2, '1900-01-01', NULL, 8, 1),
(112, 'Frau', 'Bernadette', 'Jonas', 2, '1900-01-01', NULL, 8, 1),
(113, '', 'Léa', 'Lafargue', 5, '1900-01-01', NULL, NULL, 1),
(114, '', '', 'Allindre', 5, '1900-01-01', NULL, NULL, 1),
(115, 'Mr', 'A', 'Kennedy', 3, NULL, NULL, NULL, 1),
(116, 'Frau', 'Donata', 'Röttger', 2, '1900-01-01', NULL, 8, 1),
(117, 'Pani', 'Helena', 'Ciba', 4, '1900-01-01', NULL, 8, 1),
(118, 'Mr', 'Martin', 'Hawes', 3, NULL, NULL, NULL, 1),
(119, 'Sr.', 'Javier', 'Rincon', 9, '1900-01-01', NULL, 9, 1),
(120, 'Frau', 'Gabriele', 'Hasse', 2, '1900-01-01', NULL, 8, 1),
(121, 'Sig.', 'Giovanni', 'Mancini', 1, NULL, NULL, 9, 1),
(122, '', '', '', NULL, NULL, NULL, NULL, 1),
(123, 'Ms', 'G', 'Wright', 3, NULL, NULL, 8, 1),
(124, 'Mevr.', 'H', 'Kock', 7, '1900-01-01', NULL, 8, 1),
(125, 'Frau', 'Irene', 'Piethe', 2, '1900-01-01', NULL, 8, 1),
(126, 'Mr', 'D', 'Burton', 3, NULL, NULL, NULL, 1),
(127, 'Sig.', 'Francesco', 'Bertolucci', 1, '1900-01-01', NULL, 9, 1),
(128, 'Mr', 'Emanuel', 'Al-guwary', 3, NULL, NULL, 9, 1),
(129, 'Mr', 'Mohamed', 'Aldirahi', NULL, NULL, NULL, 9, 1),
(130, 'Mr', 'S', 'Papantonio', 3, '1900-01-01', NULL, 9, 1),
(131, 'Ms', 'L', 'O\'sullivan', 3, NULL, NULL, 8, 1),
(132, 'Mrs', 'Bj', 'Coton', 3, '1900-01-01', NULL, 8, 1),
(133, 'Mrs', 'Jane', 'Byatt colantuono', 3, NULL, NULL, NULL, 1),
(134, 'Mr', 'R', 'Williams', 3, '1900-01-01', NULL, 9, 1),
(135, 'Sra.', 'Sergio', 'Montes molina', 9, '1900-01-01', NULL, 8, 1),
(136, 'Mr', 'Fr', 'Curry', 3, '1900-01-01', NULL, 9, 1),
(137, '', '', 'Basorini', 1, '1900-01-01', NULL, NULL, 1),
(138, '', '', '', NULL, NULL, NULL, NULL, 1),
(139, 'Frau', 'Giuseppina', 'Brehm', 2, '1900-01-01', NULL, 8, 1),
(140, 'Frau', 'Ilse', 'Braune', 2, '1900-01-01', NULL, 8, 1),
(141, 'Mrs', 'C', 'Lawson', 3, '1900-01-01', NULL, 8, 1),
(142, 'Sig.', 'Alfio', 'Pulvirenti', 1, '1900-01-01', NULL, 9, 1),
(143, 'Mr', 'R', 'Smithwick', 3, '1900-01-01', NULL, 9, 1),
(144, 'Herr', 'Hugo', 'Baumann', 2, '1900-01-01', NULL, 9, 1),
(145, 'Ms', 'Cv', 'Smith', 3, '1900-01-01', NULL, 8, 1),
(146, 'Miss', 'Seunice', 'Kanengoni', 3, NULL, NULL, NULL, 1),
(147, 'Mr', 'John', 'Fullarton', 3, NULL, NULL, NULL, 1),
(148, 'Mrs', '', 'Herley', 3, NULL, NULL, NULL, 1),
(149, 'Frau', 'Brigitte', 'Gänsicke', 2, '1900-01-01', NULL, 8, 1),
(150, 'Frau', 'Sarah lena', 'Grahn', 2, '1900-01-01', NULL, 8, 1),
(151, 'Mr.', 'A', 'A', 6, '1900-01-01', NULL, 9, 1),
(152, 'Mr', 'T', 'Lawrence', 3, NULL, NULL, 9, 1),
(153, 'Sig.na', 'F', '', 1, '1900-01-01', NULL, 8, 1),
(154, 'Mevr.', '', 'Rijsdijk', 7, '1900-01-01', NULL, 8, 1),
(155, 'Frau', 'Christine', 'Worschech', 2, NULL, NULL, 8, 1),
(156, '', 'Isabelle', 'Mayer', 5, '1900-01-01', NULL, NULL, 1),
(157, 'Mr', '', 'Richards', 3, NULL, NULL, NULL, 1),
(158, 'Miss', 'Hele', 'Jones', 3, NULL, NULL, 8, 1),
(159, 'Madame', 'Annie', 'Vieuxbled', 5, '1900-01-01', NULL, 8, 1),
(160, 'Doctor', 'D', 'Ojar', 3, NULL, NULL, NULL, 1),
(161, 'Miss', 'Fiona', 'East', 3, NULL, NULL, 8, 1),
(162, '', '', 'El hafsi', 5, '1900-01-01', NULL, NULL, 1),
(163, 'Mrs', 'L', 'Crielly', 3, NULL, NULL, 8, 1),
(164, 'Mr', 'Colin', 'Higginson', 3, NULL, NULL, NULL, 1),
(165, 'Frau', 'Katja', 'Wehner', 2, '1900-01-01', NULL, 8, 1),
(166, 'Frau', 'Tanja', 'Flach', 2, '1900-01-01', NULL, 8, 1),
(167, 'Mr', '', 'Packer', 3, '1900-01-01', NULL, 9, 1),
(168, 'Frau', '', 'A0281478', 2, '1900-01-01', NULL, 8, 1),
(169, 'Mrs', 'P', 'Donnovan', 3, NULL, NULL, 8, 1),
(170, 'Mr', 'Kevin', 'Murphy', 3, NULL, NULL, 9, 1),
(171, 'Mrs', 'A', 'Large', 3, NULL, NULL, NULL, 1),
(172, 'Mr.', 'Johan', 'Klevfors', 6, NULL, NULL, 9, 1),
(173, 'Mr', 'Brian', 'Richards', 3, NULL, NULL, NULL, 1),
(174, 'Société', '', 'Prologe sprl', 5, '1900-01-01', NULL, NULL, 1),
(175, '', 'Karine', 'Angenault', 5, '1900-01-01', NULL, NULL, 1),
(176, 'Dhr.', '', 'Asrob', 7, '1900-01-01', NULL, 9, 1),
(177, 'Mrs', 'R', 'Keast', 3, NULL, NULL, 8, 1),
(178, 'Nicht verwendet', 'Kerstin', 'Rudolph', 2, '1900-01-01', NULL, 8, 1),
(179, 'Madame', 'Chantal', 'Thiebaud', 5, '1900-01-01', NULL, 8, 1),
(180, 'Mr', 'D', 'Skipper', 3, NULL, NULL, 9, 1),
(181, 'Ms', 'Susan', 'Mort', 3, NULL, NULL, 8, 1),
(182, 'Mrs', 'X', 'Walker', 3, NULL, NULL, NULL, 1),
(183, 'Herr', 'Björn', 'Gersema', 2, '1900-01-01', NULL, 9, 1),
(184, 'Mr', 'D', 'Bennett', 3, NULL, NULL, NULL, 1),
(185, 'Dhr.', 'Bw', 'Middelkoop', 7, '1900-01-01', NULL, 9, 1),
(186, 'Miss', 'Lorna', 'Mccoll', 3, NULL, NULL, 8, 1),
(187, 'Mr', 'N', 'Saeed', 3, NULL, NULL, 9, 1),
(188, 'Mrs', '', 'Giles', 3, '1900-01-01', NULL, 8, 1),
(189, 'Mr', 'Mc', 'Clark', 3, '1900-01-01', NULL, 9, 1),
(190, 'Ms.', 'Mervi', 'Turunen', 12, '1900-01-01', NULL, 8, 1),
(191, 'Mrs', 'Margaret', 'Sutcliffe', 3, NULL, NULL, 8, 1),
(192, 'Mr', 'M', 'Harris', 3, '1900-01-01', NULL, 9, 1),
(193, 'Madame', 'Michelle', 'Wolff', 5, '1900-01-01', NULL, 8, 1),
(194, 'Mrs', 'Hannah elizabeth', 'May', 3, NULL, NULL, 8, 1),
(195, 'Frau', 'Andrea', 'Paul', 2, '1900-01-01', NULL, 8, 1),
(196, 'Mrs', '', 'Owens', 3, NULL, NULL, NULL, 1),
(197, 'Mrs', 'Charlotte', 'Taylor', 3, NULL, NULL, 8, 1),
(198, 'Mrs', 'M', 'Cannon', 3, NULL, NULL, 8, 1),
(199, 'Bedrijf', '', 'Stomerij groovy', 7, '1900-01-01', NULL, NULL, 1),
(200, 'Mr', 'Denis', 'Wilkin', 3, '1900-01-01', NULL, 9, 1),
(201, 'Paní', 'Andrea', 'Kerelova', 8, NULL, NULL, 8, 1),
(202, 'Sra.', 'Matilde', 'Alonso alcala', 9, '1900-01-01', NULL, 8, 1),
(203, '', 'Bruna', 'Dal monte', 1, '1900-01-01', NULL, 8, 1),
(204, 'Mrs', 'H', 'Collins', 3, NULL, NULL, 8, 1),
(205, 'Mr', 'Bj', 'Thomson', 3, '1900-01-01', NULL, 9, 1),
(206, 'Mr', 'Tim', 'Brown', 3, NULL, NULL, 9, 1),
(207, 'Frau', 'Ursula', 'Ritter', 2, '1900-01-01', NULL, 8, 1),
(208, 'Herr', 'Rolf', 'Gabriel', 2, '1900-01-01', NULL, 9, 1),
(209, '', 'Miira', 'Porvali', 12, NULL, NULL, NULL, 1),
(210, 'Monsieur', 'Annick', 'Leroi', 5, '1900-01-01', NULL, 9, 1),
(211, 'Monsieur', 'Gregory', 'Carvalho', 5, '1900-01-01', NULL, 9, 1),
(212, 'Ms', 'Vd', 'Miller', 3, '1900-01-01', NULL, 8, 1),
(213, 'Mr', 'John', 'Roomes', 3, NULL, NULL, 9, 1),
(214, 'Mrs', 'I', 'Mccormack', 3, NULL, NULL, NULL, 1),
(215, 'Frau', 'Alice', 'Kersci', 2, NULL, NULL, 8, 1),
(216, 'Miss', 'L', 'Aitken', 3, NULL, NULL, 8, 1),
(217, 'Mrs', 'S', 'Brooks', 3, NULL, NULL, 8, 1),
(218, 'Frau', 'Susan', 'Korakli-watfe', 2, '1900-01-01', NULL, 8, 1),
(219, 'Monsieur et  Madame', 'Daniel', 'Guerf', 5, '1900-01-01', NULL, NULL, 1),
(220, 'Mrs', 'Margaret', 'Hatliff', 3, NULL, NULL, 8, 1),
(221, 'Mrs', '', 'Barnard', 3, NULL, NULL, NULL, 1),
(222, 'Miss', '', 'Anu', 3, NULL, NULL, NULL, 1),
(223, 'Mrs', 'Micheal', 'Phelan', 3, NULL, NULL, NULL, 1),
(224, 'Mr', 'J', 'Hughes', 3, '1900-01-01', NULL, 9, 1),
(225, 'Mrs', 'T', 'Hey', 3, NULL, NULL, 8, 1),
(226, 'Mrs', 'Deb', 'Hume', 3, NULL, NULL, 8, 1),
(227, 'Herr', 'Simon', 'Klejner', 2, NULL, NULL, 9, 1),
(228, 'Pan', 'Adam', 'Krupa', 4, '1900-01-01', NULL, 9, 1),
(229, 'Frau', 'Bianka', 'Bachmann', 2, NULL, NULL, 8, 1),
(230, 'Mr', 'Steve', 'Hampson', 3, NULL, NULL, NULL, 1),
(231, 'Mrs', 'J', 'Edmunds', 3, NULL, NULL, 8, 1),
(232, 'Miss', 'H', 'Nuttall', 3, NULL, NULL, 8, 1),
(233, '', 'Riviere', '', 5, '1900-01-01', NULL, NULL, 1),
(234, 'Mrs', 'E', 'Connelly', 3, NULL, NULL, 8, 1),
(235, 'Mrs', 'Charmaine', 'Gilgis', 3, NULL, NULL, 8, 1),
(236, 'Mr', 'M', 'Flanagan', 3, NULL, NULL, NULL, 1),
(237, 'Mrs', 'C', 'Mcginn', 3, NULL, NULL, 8, 1),
(238, 'Monsieur', 'A', 'Grosse corinne', 5, '1900-01-01', NULL, 9, 1),
(239, 'Frau', 'Ingeborg', 'Pröhl', 2, NULL, NULL, 8, 1),
(240, '', 'Aurel', 'Tugui', 1, '1900-01-01', NULL, 9, 1),
(241, 'Mrs', 'Katie', 'Dawson', 3, NULL, NULL, 8, 1),
(242, 'Pan', 'Mariusz', 'Jaroń', 4, '1900-01-01', NULL, 9, 1),
(243, 'Sr.', 'Emilio', 'Cisneros', 9, '1900-01-01', NULL, 9, 1),
(244, 'Miss', 'W', 'Thomas', 3, NULL, NULL, NULL, 1),
(245, '', 'Francois', 'Szymalka', 5, '1900-01-01', NULL, NULL, 1),
(246, '', 'Luigi', 'Brusati pier', 1, '1900-01-01', NULL, NULL, 1),
(247, 'Mrs', 'Bhavini', 'Munro', 3, NULL, NULL, NULL, 1),
(248, 'Frau', 'Tamar', 'Khutsidze', 2, '1900-01-01', NULL, 8, 1),
(249, 'Mrs', '', 'Harris', 3, NULL, NULL, NULL, 1),
(250, 'Miss', 'Sarah', 'Paice', 3, NULL, NULL, NULL, 1),
(251, 'Pan', 'Andrzej', 'Dolicher', 4, '1900-01-01', NULL, 9, 1),
(252, 'Pani', 'Ilona', 'Wieczorek', 4, '1900-01-01', NULL, 8, 1),
(253, 'Pan', 'Karel', 'Fryda', 8, '1900-01-01', NULL, 9, 1),
(254, 'Mrs', 'N', 'Trevelyan', 3, NULL, NULL, NULL, 1),
(255, 'Pan', 'Josef', 'Váchal', 8, '1900-01-01', NULL, 9, 1),
(256, 'Dr.', 'Pietro', 'Ciprietti', 1, '1900-01-01', NULL, NULL, 1),
(257, 'Mrs', '', 'Robertson', 3, NULL, NULL, 8, 1),
(258, 'Mrs', 'A', 'Laughlin', 3, NULL, NULL, NULL, 1),
(259, 'Mrs', 'Leonora', 'Burrows', 3, '1900-01-01', NULL, 8, 1),
(260, 'Mrs', 'K', 'Muxworthy', 3, '1900-01-01', NULL, 8, 1),
(261, 'Ms', 'Rosemary', 'Grahame', 3, NULL, NULL, NULL, 1),
(262, '', 'Жанна анатол', 'Трофимова', 13, '1900-01-01', NULL, NULL, 1),
(263, '', '', '', NULL, NULL, NULL, NULL, 1),
(264, 'Monsieur', 'Marcel', 'Bucher', 5, '1900-01-01', NULL, 9, 1),
(265, '', 'Laura', 'Longo', 1, '1900-01-01', NULL, 8, 1),
(266, 'Herr', 'Heinz', 'Lorra', 2, '1900-01-01', NULL, 9, 1),
(267, 'Miss', 'S', 'Madhori', 3, NULL, NULL, 8, 1),
(268, 'Mr', 'David', 'Flaherty', 3, NULL, NULL, 9, 1),
(269, 'Mrs', 'Janet', 'Hayward', 3, NULL, NULL, 8, 1),
(270, 'Paní', 'Drahomira', 'Pestova', 8, '1900-01-01', NULL, 8, 1),
(271, 'Monsieur', 'Hanan', 'Ait bouazza', 5, '1900-01-01', NULL, 9, 1),
(272, 'Fam.', 'H', 'Grootjen', 7, '1900-01-01', NULL, NULL, 1),
(273, 'Mevr.', 'Frauke', 'Cambré', 7, '1900-01-01', NULL, 8, 1),
(274, '', '', 'D haeseleer', 7, '1900-01-01', NULL, NULL, 1),
(275, 'Mr.', 'Jens b', 'Kyed', 6, '1900-01-01', NULL, 9, 1),
(276, 'Pan', 'Vítězslav', 'Kareš', 8, '1900-01-01', NULL, 9, 1),
(277, 'Monsieur', 'Ghislaine', 'Scherrer', 5, '1900-01-01', NULL, 9, 1),
(278, 'Fam.', 'R', 'Randolph', 7, '1900-01-01', NULL, NULL, 1),
(279, 'Mrs', 'P', 'Ashaw', 3, NULL, NULL, 8, 1),
(280, '', 'Aschenbrenner', 'Marion', 2, NULL, NULL, NULL, 1),
(281, 'Mr', 'Anthony', 'Barr', 3, NULL, NULL, NULL, 1),
(282, 'Mr', 'Bd', 'Oatley', 3, '1900-01-01', NULL, 9, 1),
(283, 'Monsieur', '', 'Piquet', 5, '1900-01-01', NULL, 9, 1),
(284, '', 'Fatos', 'Haska', 1, '1900-01-01', NULL, NULL, 1),
(285, 'Pani', 'Marta', 'Kapica', 4, '1900-01-01', NULL, 8, 1),
(286, 'Mr.', 'Per kjell', 'Hovland', 6, '1900-01-01', NULL, 9, 1),
(287, 'Frau', 'Bianka', 'Bachmann', 2, NULL, NULL, 8, 1),
(288, 'Frau', 'Naile', 'Schmitz', 2, '1900-01-01', NULL, 8, 1),
(289, 'Mrs', 'G', 'Jacobs', 3, NULL, NULL, 8, 1),
(290, 'Mrs', 'C', 'Terry', 3, NULL, NULL, 8, 1),
(291, 'Sra.', 'Odile', 'Cadete', 9, '1900-01-01', NULL, 8, 1),
(292, 'Herr', 'Torsten', 'Kreuter', 2, '1900-01-01', NULL, 9, 1),
(293, 'Sig.ra', 'Daniela', 'Maier', 1, '1900-01-01', NULL, 8, 1),
(294, 'Mr', '', 'Enkel', 3, NULL, NULL, NULL, 1),
(295, 'Miss', '', 'Boujettif', NULL, NULL, NULL, NULL, 1),
(296, 'Mr', 'Timothy', 'Collings', 3, NULL, NULL, NULL, 1),
(297, 'Mr', 'D', 'Tynan', 3, NULL, NULL, 9, 1),
(298, 'Dr.', 'Gabriele', 'Gardin', 1, '1900-01-01', NULL, NULL, 1),
(299, 'Mrs', 'X', 'Edgar', 3, NULL, NULL, 8, 1),
(300, 'Herr', 'Frank', 'Roick', 2, '1900-01-01', NULL, 9, 1),
(301, 'Monsieur', 'Frederic', 'Souchal', 5, '1900-01-01', NULL, 9, 1),
(302, 'Mrs', 'A l', 'Sagnier', 3, NULL, NULL, NULL, 1),
(303, 'Mr', 'M', 'Moran', 3, NULL, NULL, 9, 1),
(304, 'Mr', 'T', 'Hurley', 3, NULL, NULL, 9, 1),
(305, 'Monsieur', 'Cyril', 'Tiers', 5, '1900-01-01', NULL, 9, 1),
(306, 'Mr', 'Kieran', 'Oliver', 3, NULL, NULL, NULL, 1),
(307, 'Mr', 'S', 'Brown', 3, NULL, NULL, 9, 1),
(308, '', 'Patrizia', 'Milani', 1, '1900-01-01', NULL, 8, 1),
(309, 'Mr', 'Ian', 'Reece', 3, NULL, NULL, NULL, 1),
(310, '', 'Mhealden', 'Soran', 3, NULL, NULL, NULL, 1),
(311, 'Frau', '', 'A0204325', 2, '1900-01-01', NULL, 8, 1),
(312, 'Miss', 'Sandra', 'Cove', 3, NULL, NULL, NULL, 1),
(313, 'Miss', 'S', 'Jhonstone', 3, '1900-01-01', NULL, 8, 1),
(314, 'Mr', 'W', 'Muir', 3, NULL, NULL, 9, 1),
(315, 'Mr', 'A', 'Knight', 3, NULL, NULL, NULL, 1),
(316, 'Mr', 'John', 'Morrison', 3, NULL, NULL, 9, 1),
(317, 'Dhr.', '', 'Yannick', 7, '1900-01-01', NULL, 9, 1),
(318, '', '', '', NULL, NULL, NULL, NULL, 1),
(319, 'Herr', 'Tobias', 'Funke', 2, NULL, NULL, 9, 1),
(320, '', 'Jacques', 'Moliner', 5, '1900-01-01', NULL, NULL, 1),
(321, 'Frau', '', 'Mücke', 2, '1900-01-01', NULL, 8, 1),
(322, 'Frau', 'Ursula', 'Hilpert', 2, '1900-01-01', NULL, 8, 1),
(323, 'Pani', 'Katarzyna', 'Sęk', 4, '1900-01-01', NULL, 8, 1),
(324, 'Miss', 'Mary', 'Ferris', 3, NULL, NULL, NULL, 1),
(325, 'Ms', 'Andrea', 'Earl', 3, NULL, NULL, 8, 1),
(326, 'Mej.', '', 'Verhallen', 7, '1900-01-01', NULL, 8, 1),
(327, 'Miss', 'N', 'Comber', 3, NULL, NULL, 8, 1),
(328, 'Monsieur', '', 'Campistrouts', 5, '1900-01-01', NULL, 9, 1),
(329, 'Ms', 'Sandra', 'Ellis', 3, NULL, NULL, NULL, 1),
(330, 'Mr', 'D', 'Robinson', 3, '1900-01-01', NULL, 9, 1),
(331, 'Monsieur', 'A', 'Vincent jean-louis', 5, '1900-01-01', NULL, 9, 1),
(332, 'Paní', 'Monika', 'Sifrova', 8, '1900-01-01', NULL, 8, 1),
(333, 'Mr', 'D', 'Wilkinson', 3, NULL, NULL, NULL, 1),
(334, 'Mr', 'Am', 'Yehia', 3, NULL, NULL, 9, 1),
(335, 'Sig.', 'Paolo', 'Crognaletti', 1, '1900-01-01', NULL, 9, 1),
(336, 'Sig.', 'Marino', 'Ruggeri', 1, '1900-01-01', NULL, 9, 1),
(337, 'Monsieur', '', 'Perdreau bernar', 5, '1900-01-01', NULL, 9, 1),
(338, 'Frau', 'Sylvia', 'Jung', 2, '1900-01-01', NULL, 8, 1),
(339, 'Mrs', 'S', 'Dolan', 3, NULL, NULL, 8, 1),
(340, 'Herr', 'Alexander', 'Stepanov', 2, '1900-01-01', NULL, 9, 1),
(341, 'Mrs', '', 'Howell', 3, NULL, NULL, NULL, 1),
(342, 'Mr.', 'Florian', 'Szabo', 14, '1900-01-01', NULL, 9, 1),
(343, '', '', 'Epting karl architekt', 2, '1900-01-01', NULL, NULL, 1),
(344, 'Herr', 'Dirk', 'Seifert', 2, '1900-01-01', NULL, 9, 1),
(345, 'Dhr.', 'F', 'Padts', 7, '1900-01-01', NULL, 9, 1),
(346, 'Mevr.', 'Ravoet jozef', 'Ravoet jozef', 7, NULL, NULL, 8, 1),
(347, 'Frau', 'Bettina', 'Wenderhold', 2, '1900-01-01', NULL, 8, 1),
(348, 'Mrs', 'J', 'Hemming', 3, NULL, NULL, NULL, 1),
(349, 'Herr', 'Kai-wilhelm', 'Prange', 2, '1900-01-01', NULL, 9, 1),
(350, 'Mrs', 'Linda', 'Berry', 3, '1900-01-01', NULL, 8, 1),
(351, 'Mr', 'Kieran', 'Oliver', 3, NULL, NULL, NULL, 1),
(352, '', 'Hennes-kurzke', 'Ursula', 2, '1900-01-01', NULL, NULL, 1),
(353, '', 'Mirko', 'Di anne', 1, '1900-01-01', NULL, NULL, 1),
(354, 'Sig.', 'Enrico', 'Assunto', 1, '1900-01-01', NULL, 9, 1),
(355, 'Miss', 'K', 'Marshall', 3, NULL, NULL, 8, 1),
(356, 'Mr', 'Melvin', 'Kent', 3, NULL, NULL, NULL, 1),
(357, 'Mrs', '', 'Louw', 3, NULL, NULL, NULL, 1),
(358, 'Mrs', 'R', 'Collins', 3, NULL, NULL, 8, 1),
(359, '', 'Camusso', 'Patricia', 5, '1900-01-01', NULL, NULL, 1),
(360, 'Mrs', 'C', 'Fleming', 3, NULL, NULL, 8, 1),
(361, '', '', 'Desprez', 5, '1900-01-01', NULL, NULL, 1),
(362, 'Pan', 'Katarzyna', 'Barańska', 4, '1900-01-01', NULL, 9, 1),
(363, 'Miss', 'Lucy', 'Kent', 3, NULL, NULL, 8, 1),
(364, 'Monsieur', 'Francis', 'Schmitt', 5, '1900-01-01', NULL, 9, 1),
(365, 'Mrs', 'X', 'Thomas', 3, NULL, NULL, NULL, 1),
(366, '', '', 'Mee', 3, NULL, NULL, NULL, 1),
(367, 'Mrs', 'M', 'Garrard', 3, NULL, NULL, 8, 1),
(368, 'Mr', 'Stephen', 'Mcmahon', 3, NULL, NULL, 9, 1),
(369, 'Monsieur', 'Alain', 'Foulon', 5, '1900-01-01', NULL, 9, 1),
(370, 'Herr', 'Thomas', 'Zimmer', 2, '1900-01-01', NULL, 9, 1),
(371, 'Madame', 'Huguette', 'Chauvin', 5, '1900-01-01', NULL, 8, 1),
(372, 'Mr', 'James', 'Laurie', 3, NULL, NULL, 9, 1),
(373, 'Frau', 'Ehrentraud', 'Gurgel', 2, '1900-01-01', NULL, 8, 1),
(374, 'Sra.', 'Paula', 'Paixão', 15, '1900-01-01', NULL, 8, 1),
(375, 'Monsieur', 'Jean claude', 'Comte', 5, '1900-01-01', NULL, 9, 1),
(376, 'Pán', 'Vieroslava', 'Fusková', 16, '1900-01-01', NULL, 9, 1),
(377, 'Monsieur', 'Cornet', 'Jean francois', 5, '1900-01-01', NULL, 9, 1),
(378, 'Sig.', 'Luigi', 'Cauteruccio', 1, '1900-01-01', NULL, 9, 1),
(379, 'Mrs', 'Bj', 'Webb', 3, NULL, NULL, 8, 1),
(380, '', 'Hennes-kurzke', 'Ursula', 2, '1900-01-01', NULL, NULL, 1),
(381, 'Miss', 'S', 'Baxendale', 3, NULL, NULL, NULL, 1),
(382, '', '', 'Liv lilleheil', 6, NULL, NULL, NULL, 1),
(383, 'Mrs', 'J', 'Whitiker', 3, NULL, NULL, NULL, 1),
(384, 'Frau', 'Edeltraud', 'Horst', 2, '1900-01-01', NULL, 8, 1),
(385, '', 'Maria teresa', 'Toldo', 1, '1900-01-01', NULL, 8, 1),
(386, 'Monsieur', 'Fabrice', 'Favre', 5, '1900-01-01', NULL, 9, 1),
(387, 'Sig.', 'Oronzo', 'Pagliara', 1, '1900-01-01', NULL, 9, 1),
(388, 'Frau', 'Marilete', 'Krause', 2, '1900-01-01', NULL, 8, 1),
(389, 'Mr', 'Ken', 'Pullan', 3, NULL, NULL, 9, 1),
(390, 'Sig.', 'Adam', 'Tudorita', 1, '1900-01-01', NULL, 9, 1),
(391, 'Herr', 'Frank', 'Janke', 2, NULL, NULL, 9, 1),
(392, 'Mr', 'A', 'Brivio', 3, NULL, NULL, 9, 1),
(393, 'Dhr.', 'H', 'Wilting', 7, NULL, NULL, 9, 1),
(394, 'Sig.ra', 'Valeria', 'Girolimoni', 1, '1900-01-01', NULL, 8, 1),
(395, 'Mrs', 'Janet', 'Whitehead', 3, NULL, NULL, 8, 1),
(396, 'Herr', 'Erik', 'Schneider', 2, '1900-01-01', NULL, 9, 1),
(397, 'Sig.', 'Gerardo', 'Iannone', 1, '1900-01-01', NULL, 9, 1),
(398, 'Sig.ra', 'Lucia', 'Amoroso', 1, '1900-01-01', NULL, 8, 1),
(399, 'Dr.', 'Marco', 'Tognoni', 1, '1900-01-01', NULL, NULL, 1),
(400, 'Herr', 'Ali', 'Otsekin', 2, '1900-01-01', NULL, 9, 1),
(401, 'Madame', 'Monique', 'Montarou', 5, '1900-01-01', NULL, 8, 1),
(402, 'Mr', 'T i', 'Scott', 3, NULL, NULL, NULL, 1),
(403, 'Sr.', 'Daniel', 'Andrade spencer', 15, '1900-01-01', NULL, 9, 1),
(404, 'Mrs', '', 'Roby', 3, NULL, NULL, NULL, 1),
(405, 'Mr', 'D', 'Foster', 3, NULL, NULL, 9, 1),
(406, '', 'Osvaldo', 'Spanu', 1, '1900-01-01', NULL, 9, 1),
(407, 'Mrs', 'Elizabeth', 'Bryce', 3, NULL, NULL, 8, 1),
(408, 'Monsieur', 'Hamed', 'Khedher', 5, '1900-01-01', NULL, 9, 1),
(409, 'Пан', 'Віктор', 'Козарив', 13, NULL, NULL, 9, 1),
(410, 'Mademoiselle', 'Paivi', 'Laukkarilen', 5, '1900-01-01', NULL, 8, 1),
(411, 'Mrs', 'Karen', 'Fielding', 3, NULL, NULL, NULL, 1),
(412, 'Madame', 'Nicole', 'Tauriac', 5, '1900-01-01', NULL, 8, 1),
(413, 'Mevr.', 'R', 'Ramlal', 7, NULL, NULL, 8, 1),
(414, '', 'Joaquim', 'Carvalho', 5, '1900-01-01', NULL, NULL, 1),
(415, 'Mr', '', 'Resident', NULL, NULL, NULL, 9, 1),
(416, 'Mr.', 'Tatyana', 'Jansson', 10, '1900-01-01', NULL, 9, 1),
(417, 'Mr', 'Stuart', 'Mcgregor', 3, NULL, NULL, 9, 1),
(418, 'Mr', 'Peter', 'Farthing', 3, NULL, NULL, 9, 1),
(419, 'Ms.', 'Karin', 'Nyström', 10, NULL, NULL, 8, 1),
(420, 'Frau', 'Irene', 'Schulze', 2, '1900-01-01', NULL, 8, 1),
(421, 'Mrs', '', 'Coe', 3, NULL, NULL, 8, 1),
(422, 'Mrs', '', 'Shaw', 3, NULL, NULL, NULL, 1),
(423, 'Mrs', '', 'Louise sansom', 3, '1900-01-01', NULL, 8, 1),
(424, 'Mrs', 'S', 'Duffill', 3, NULL, NULL, 8, 1),
(425, 'Sig.', 'Maria rosaria', 'Gizzi', 1, '1900-01-01', NULL, 9, 1),
(426, 'Mr', 'R', 'Gummer', 3, NULL, NULL, 9, 1),
(427, 'Mr', 'E', 'Ronson', 3, NULL, NULL, NULL, 1),
(428, 'Mr', 'D', 'Wightman', 3, '1900-01-01', NULL, 9, 1),
(429, 'Mrs', 'N', 'Wood', 3, NULL, NULL, 8, 1),
(430, 'Mrs', 'A', 'Zaidi', 3, NULL, NULL, 8, 1),
(431, 'Mr', '', 'Tucker', 3, NULL, NULL, 9, 1),
(432, 'Mr.', 'Kenneth', 'Kentlind', 10, NULL, NULL, 9, 1),
(433, 'Sig.ra', 'Barbara', 'Micoli', 1, '1900-01-01', NULL, 8, 1),
(434, 'Mej.', 'M', 'Dresden', 7, '1900-01-01', NULL, 8, 1),
(435, 'Herr', 'Karl-heinz', 'Fesser', 2, NULL, NULL, 9, 1),
(436, 'Monsieur', 'Eric', 'Casagrande', 5, '1900-01-01', NULL, 9, 1),
(437, 'Mr', '', 'Oyoes', 3, NULL, NULL, NULL, 1),
(438, 'Miss', 'Emma', 'Petty', 3, NULL, NULL, NULL, 1),
(439, 'Monsieur', 'Michel', 'Benavent', 5, '1900-01-01', NULL, 9, 1),
(440, 'Mrs', 'P', 'Fleet', 3, NULL, NULL, NULL, 1),
(441, 'Herr', 'Ralf', 'Celten', 2, '1900-01-01', NULL, 9, 1),
(442, 'Mr', 'Im', 'Ross', 3, NULL, NULL, 9, 1),
(443, 'Pani', 'Anna', 'Maślanka', 4, '1900-01-01', NULL, 8, 1),
(444, '', 'Marillina', 'Fasone', 1, '1900-01-01', NULL, NULL, 1),
(445, 'Frau', 'Ursula', 'Wiesener', 2, '1900-01-01', NULL, 8, 1),
(446, '', 'Santa', 'Vizzari', 1, '1900-01-01', NULL, 8, 1),
(447, 'Sig.ra', 'Graziella', 'Felicetti', 1, '1900-01-01', NULL, 8, 1),
(448, 'Mrs', '', 'Cheeseman', 3, '1900-01-01', NULL, 8, 1),
(449, '', 'Nexa', '', 4, '1900-01-01', NULL, NULL, 1),
(450, 'Miss', 'Maria', 'Sjöqvist', 10, '1900-01-01', NULL, 8, 1),
(451, 'Frau', 'Gabriele', 'Hasse', 2, '1900-01-01', NULL, 8, 1),
(452, 'Sig.', 'Manuel', 'Fontana', 1, '1900-01-01', NULL, 9, 1),
(453, 'Mrs', 'C', 'Bailey', 3, '1900-01-01', NULL, 8, 1),
(454, 'Mrs', 'B', 'Jolley', 3, NULL, NULL, 8, 1),
(455, 'Mr', 'X', 'Palfrey', 3, NULL, NULL, 9, 1),
(456, 'Frau', '', 'A0430687', 2, '1900-01-01', NULL, 8, 1),
(457, 'Frau', 'Sonja', 'Vogel', 2, NULL, NULL, 8, 1),
(458, 'Madame', 'Claire', 'Buomberger', 5, '1900-01-01', NULL, 8, 1),
(459, 'Dr.', 'Lorenzo', 'Michielin', 1, '1900-01-01', NULL, NULL, 1),
(460, 'Herr', 'Gerd', 'Schmidt', 2, '1900-01-01', NULL, 9, 1),
(461, 'Monsieur', 'Christian', 'Spolmayeur', 5, '1900-01-01', NULL, 9, 1),
(462, 'Mrs', 'X', 'Williams', 3, NULL, NULL, NULL, 1),
(463, 'Madame', 'Barout', 'Laurence', 5, '1900-01-01', NULL, 8, 1),
(464, 'Frau', 'Ilse', 'Spohr', 2, '1900-01-01', NULL, 8, 1),
(465, 'Mr', 'John', 'Ryan', 3, NULL, NULL, 9, 1),
(466, 'Mrs', 'P', 'Russell', 3, '1900-01-01', NULL, 8, 1),
(467, 'Пані', 'Світлана', 'Панченко', 13, '1900-01-01', NULL, 8, 1),
(468, 'Mrs', 'Codruta ioana', 'Elecfi', 14, '1900-01-01', NULL, 8, 1),
(469, 'Frau', 'Alessandra', 'Carro', 2, '1900-01-01', NULL, 8, 1),
(470, 'Madame', 'Olga', 'Bluteau', 5, '1900-01-01', NULL, 8, 1),
(471, 'Mr', 'M', 'Hussain', 3, '1900-01-01', NULL, 9, 1),
(472, '', 'Nicola', 'Alimonti', 1, '1900-01-01', NULL, 9, 1),
(473, 'Frau', 'Aline', 'Gautschi', 2, '1900-01-01', NULL, 8, 1),
(474, 'Monsieur', 'Jerome', 'Billiet', 5, '1900-01-01', NULL, 9, 1),
(475, 'Ms.', 'Mona kristin', 'Hyseth', 6, NULL, NULL, 8, 1),
(476, 'Mr.', 'Jørn', 'Vissing', 17, NULL, NULL, 9, 1),
(477, 'Ms.', 'Siv', 'Brodelius', 10, NULL, NULL, 8, 1),
(478, 'Madame', 'Yvon', 'Courbon', 5, '1900-01-01', NULL, 8, 1),
(479, 'Monsieur', '', 'Tremblet', 5, '1900-01-01', NULL, 9, 1),
(480, 'Monsieur', 'Juliette', 'Berrou', 5, '1900-01-01', NULL, 9, 1),
(481, 'Mr', 'P', 'Broxson', 3, NULL, NULL, NULL, 1),
(482, 'Mrs', 'Zoe', 'Elwick', 3, NULL, NULL, 8, 1),
(483, 'Monsieur et  Madame', 'Silvie', 'Horta', 5, '1900-01-01', NULL, NULL, 1),
(484, 'Herr', 'Arend', 'Petersdorf', 2, '1900-01-01', NULL, 9, 1),
(485, 'Mr', 'D', 'Cotton', 3, NULL, NULL, 9, 1),
(486, 'Sig.', 'Gastone', 'Toschi', 1, '1900-01-01', NULL, 9, 1),
(487, 'Mrs', 'Phyllis', 'Hislop', 3, NULL, NULL, 8, 1),
(488, '', 'Federica', 'Orecchia', 1, '1900-01-01', NULL, 8, 1),
(489, '', 'Juergen', 'Bressgott', 2, NULL, NULL, NULL, 1),
(490, 'Mr', 'K', 'Meyt', 3, NULL, NULL, 9, 1),
(491, 'Mrs', 'Olivia', 'Bahrani', 3, NULL, NULL, NULL, 1),
(492, 'Mrs', 'Johanna', 'Lewis', 3, NULL, NULL, NULL, 1),
(493, 'Pan', 'Władysław', 'Kobylarz', 4, '1900-01-01', NULL, 9, 1),
(494, 'Herr', 'Nihal', 'Labouz', 2, '1900-01-01', NULL, 9, 1),
(495, '', '', '', 3, '1900-01-01', NULL, NULL, 1),
(496, 'Sig.ra', 'Francesca', 'Geli', 1, '1900-01-01', NULL, 8, 1),
(497, 'Frau', 'Agnes', 'Meyr', 2, '1900-01-01', NULL, 8, 1),
(498, 'Mr', 'N', 'Collins', 3, NULL, NULL, 9, 1),
(499, '', '', '', NULL, NULL, NULL, NULL, 1),
(500, 'Pani', 'Danuta', 'Cieślar', 4, '1900-01-01', NULL, 8, 1),
(501, 'Madame', '', 'Sellam', 5, '1900-01-01', NULL, 8, 1),
(502, 'Mr', 'M', 'Pawlos', 3, NULL, NULL, NULL, 1),
(503, 'Sr.', 'Sergio', 'Haddad', 15, '1900-01-01', NULL, 9, 1),
(504, 'Mrs', '', 'Timmis', 3, NULL, NULL, 8, 1),
(505, 'Mr', 'Andrew', 'Robson', 3, NULL, NULL, NULL, 1),
(506, 'Mrs', 'N', 'Brown', 3, NULL, NULL, 8, 1),
(507, 'Sig.', 'Erminio', 'Ottolini', 1, '1900-01-01', NULL, 9, 1),
(508, 'Sr.', 'Victor', 'Castro', 9, '1900-01-01', NULL, 9, 1),
(509, 'Mej.', 'Jht', 'Goedkoop', 7, '1900-01-01', NULL, 8, 1),
(510, 'Herr', 'Stefan', 'Wittenburg', 2, '1900-01-01', NULL, NULL, 1),
(511, 'Mr', 'A', 'Geer', 3, NULL, NULL, 9, 1),
(512, 'Dhr.', 'Aj', 'Langeveld-loos', 7, '1900-01-01', NULL, 9, 1),
(513, '', '', 'Magnussdotter disa', 6, NULL, NULL, NULL, 1),
(514, 'Mrs', 'S', 'Spiers', 3, NULL, NULL, 8, 1),
(515, 'Miss', 'Hayley', 'Walden', 3, '1900-01-01', NULL, 8, 1),
(516, 'Frau', '', 'A0044513', 2, '1900-01-01', NULL, 8, 1),
(517, 'Fam.', '', 'Cosijn', 7, '1900-01-01', NULL, NULL, 1),
(518, 'Monsieur', 'Pierre', 'Schweiter', 5, '1900-01-01', NULL, 9, 1),
(519, 'Frau', 'Marlene', 'Schwörer', 2, '1900-01-01', NULL, 8, 1),
(520, 'Frau', 'Darinka', 'John', 2, '1900-01-01', NULL, 8, 1),
(521, '', 'Catherine', 'Barbereau', 5, '1900-01-01', NULL, NULL, 1),
(522, 'Mr', 'Fc', 'Wright', 3, '1900-01-01', NULL, 9, 1),
(523, 'Frau', 'Valbona', 'Kasami', 2, '1900-01-01', NULL, 8, 1),
(524, 'Frau', 'Ursula', 'Wenzel', 2, NULL, NULL, 8, 1),
(525, 'Sra.', 'Antonia', 'Hidalgo sanchez', 9, '1900-01-01', NULL, 8, 1),
(526, 'Herr', 'Theodor', 'Meiringer', 2, '1900-01-01', NULL, 9, 1),
(527, 'Frau', 'Ute', 'Leiner', 2, '1900-01-01', NULL, 8, 1),
(528, 'Frau', 'Gina', 'Lauer', 2, '1900-01-01', NULL, 8, 1),
(529, 'Mrs', 'Christine', 'White', 3, NULL, NULL, 8, 1),
(530, 'Frau', '', 'A0167735', 2, '1900-01-01', NULL, 8, 1),
(531, 'Frau', '', 'A0056758', 2, '1900-01-01', NULL, 8, 1),
(532, 'Sig.ra', 'Roberta', 'Giacobone', 1, '1900-01-01', NULL, 8, 1),
(533, 'Fam.', 'Carly', 'Holst-mekel', 7, '1900-01-01', NULL, 9, 1),
(534, 'Mr', 'M', 'Johnston', 3, NULL, NULL, 9, 1),
(535, 'Mr', 'I', 'Bowen-morris', 3, NULL, NULL, 9, 1),
(536, '', '- 043550401', 'Darty', 5, '1900-01-01', NULL, NULL, 1),
(537, 'Mr', 'Ibrahim', 'Koshin', 3, NULL, NULL, NULL, 1),
(538, 'Mrs', 'Yvonne', 'Mascari', 3, NULL, NULL, 8, 1),
(539, 'Mr', 'William', 'Storey', 3, NULL, NULL, NULL, 1),
(540, '', 'Aimee', 'Brooks', 3, '1900-01-01', NULL, NULL, 1),
(541, '', '', 'Riddell', 3, NULL, NULL, NULL, 1),
(542, 'Sig.', 'Naiwikun', 'Centro estetico massaggi', 1, '1900-01-01', NULL, 9, 1),
(543, 'Mrs', 'Michelle', 'Williams', 3, NULL, NULL, 8, 1),
(544, '', 'Hottmann', 'Anke', 2, '1900-01-01', NULL, NULL, 1),
(545, 'Mrs', 'Sheila', 'Stott', 3, NULL, NULL, NULL, 1),
(546, 'Pani', 'Iwona', 'Sosnowska', 4, '1900-01-01', NULL, 8, 1),
(547, 'Mrs', 'S', 'Harper', 3, NULL, NULL, 8, 1),
(548, 'Mr.', '', 'Gigstad bjørn', 6, NULL, NULL, 9, 1),
(549, 'Miss', 'M', 'Colecozy', 3, NULL, NULL, 8, 1),
(550, 'Frau', 'Tamar', 'Khutsidze', 2, '1900-01-01', NULL, 8, 1),
(551, 'Mrs', 'Laura', 'Hood', 3, NULL, NULL, 8, 1),
(552, 'Dr.', 'Alfredo', 'Pagano', 1, '1900-01-01', NULL, 9, 1),
(553, 'Miss', 'J', 'Duddy', 3, NULL, NULL, 8, 1),
(554, 'Mr', 'Gary', 'Thompson', 3, NULL, NULL, NULL, 1),
(555, 'Frau', 'Olga', 'Schulz', 2, '1900-01-01', NULL, 8, 1),
(556, 'Mr', 'C', 'Priestley', 3, NULL, NULL, 9, 1),
(557, 'Dhr.', '', 'Roosen', 7, '1900-01-01', NULL, 9, 1),
(558, 'Monsieur', 'Sandrine', 'Baricault', 5, '1900-01-01', NULL, 9, 1),
(559, 'Herr', 'Thomas', 'Zimmer', 2, '1900-01-01', NULL, 9, 1),
(560, '', 'Eugenie', 'Callegari', 5, '1900-01-01', NULL, NULL, 1),
(561, 'Pan', 'Zdeněk', 'Pokorný', 8, '1900-01-01', NULL, 9, 1),
(562, 'Mrs', 'Mary', 'Wood', 3, NULL, NULL, 8, 1),
(563, 'Sig.ra', 'Francesca', 'Bellia', 1, '1900-01-01', NULL, 8, 1),
(564, 'Mrs', 'J', 'Spyrou', 3, NULL, NULL, 8, 1),
(565, 'Pan', 'Daniel', 'Kurowski', 4, '1900-01-01', NULL, 9, 1),
(566, '', 'Bernard', 'Godard', 5, '1900-01-01', NULL, NULL, 1),
(567, 'Frau', 'Waltraud', 'Ziesing', 2, '1900-01-01', NULL, 8, 1),
(568, 'Monsieur', 'Gabriel', 'Cabanne', 5, '1900-01-01', NULL, 9, 1),
(569, 'Doctor', 'A', 'Docrat', 3, NULL, NULL, NULL, 1),
(570, 'Pani', 'Ewa', 'Leśnicka', 4, NULL, NULL, 8, 1),
(571, 'Frau', 'Marlene', 'Lefebure', 2, '1900-01-01', NULL, 8, 1),
(572, 'Monsieur', 'Daniel', 'Pierre', 5, '1900-01-01', NULL, 9, 1),
(573, 'Mr', 'P', 'Moody', 3, NULL, NULL, NULL, 1),
(574, 'Miss', 'J', 'Jones', 3, NULL, NULL, NULL, 1),
(575, 'Monsieur', 'Julien', 'Le roux', 5, '1900-01-01', NULL, 9, 1),
(576, 'Frau', '', 'A0013675', 2, '1900-01-01', NULL, 8, 1),
(577, '', '', 'Bastin', 5, '1900-01-01', NULL, NULL, 1),
(578, 'Mrs', 'J', 'Simmons', 3, NULL, NULL, NULL, 1),
(579, '', '', '', NULL, NULL, NULL, NULL, 1),
(580, 'Monsieur', '', 'Deliner', 5, '1900-01-01', NULL, 9, 1),
(581, 'Monsieur', '', 'Duliege laurence', 5, '1900-01-01', NULL, 9, 1),
(582, 'Herr', 'Matthias', 'Grobe', 2, '1900-01-01', NULL, 9, 1),
(583, 'Madame', 'Marie hélène', 'Girard', 5, '1900-01-01', NULL, 8, 1),
(584, '', 'Ruth', 'Alexsandersen', 6, '1900-01-01', NULL, NULL, 1),
(585, 'Sig.ra', 'Antonella', 'Caputo', 1, '1900-01-01', NULL, 8, 1),
(586, '', '', 'Mccol', 7, '1900-01-01', NULL, NULL, 1),
(587, 'Mr', 'Gerard', 'Mcchrystal', 3, NULL, NULL, 9, 1),
(588, 'Mr', 'Lee', 'Webb', 3, NULL, NULL, 9, 1),
(589, 'Dhr.', 'T', 'Stuut', 7, NULL, NULL, 9, 1),
(590, 'Miss', 'N', 'Patel', 3, NULL, NULL, 8, 1),
(591, 'Herr', 'Francesco', 'Cucuzza', 2, '1900-01-01', NULL, 9, 1),
(592, 'Frau', 'Julia', 'Meinecke', 2, '1900-01-01', NULL, 8, 1),
(593, 'Miss', 'R', 'Hales', 3, NULL, NULL, 8, 1),
(594, 'Frau', 'Barbara sybill', 'Kirchner', 2, '1900-01-01', NULL, 8, 1),
(595, 'Pani', 'Piechocka', 'Wiesława', 4, '1900-01-01', NULL, 8, 1),
(596, 'Pán', 'Zlata', 'Valcová', 16, '1900-01-01', NULL, 9, 1),
(597, 'Madame', 'Lauriane', 'Brial', 5, '1900-01-01', NULL, 8, 1),
(598, '', '', 'Hospes', 2, '1900-01-01', NULL, NULL, 1),
(599, 'Mr', 'Stephen', 'Selley', 3, NULL, NULL, NULL, 1),
(600, 'Dhr.', 'J', 'Arnolli', 7, '1900-01-01', NULL, 9, 1),
(601, 'Mr', 'Richard', 'Warburton', 3, NULL, NULL, 9, 1),
(602, 'Mr', 'C', 'Colella', 3, '1900-01-01', NULL, 9, 1),
(603, 'Mrs', 'Denise', 'White', 3, '1900-01-01', NULL, 8, 1),
(604, 'Mrs', '', 'Jack', 3, NULL, NULL, NULL, 1),
(605, 'Sig.', 'Angelo', 'Orioli', 1, '1900-01-01', NULL, 9, 1),
(606, 'Mrs', 'Hajra', 'Mukhtar', 3, NULL, NULL, NULL, 1),
(607, 'Frau', 'Bernarda', 'Kokott', 2, '1900-01-01', NULL, 8, 1),
(608, 'Fam.', 'H', 'Warmenhoven', 7, '1900-01-01', NULL, NULL, 1),
(609, 'Dhr.', 'Jan', 'Michiels', 7, '1900-01-01', NULL, 9, 1),
(610, 'Sig.ra', 'Luana', 'Tarquini', 1, '1900-01-01', NULL, 8, 1),
(611, 'Mrs', 'Ja', 'Lethby', 3, NULL, NULL, 8, 1),
(612, 'Monsieur', 'A', 'Gallo gregory', 5, '1900-01-01', NULL, 9, 1),
(613, 'Sig.', 'Angelo', 'Colletto', 1, '1900-01-01', NULL, 9, 1),
(614, '', 'Sophie', 'Gex', 5, '1900-01-01', NULL, NULL, 1),
(615, 'Mr.', 'Koponen', 'Porin gigantti', 12, NULL, NULL, 9, 1),
(616, 'Sig.', 'Matteo', 'Piu', 1, '1900-01-01', NULL, 9, 1),
(617, 'Frau', 'Sabine', 'Karger', 2, '1900-01-01', NULL, 8, 1),
(618, 'Sr.', 'Jacinto', 'Mendonça', 15, '1900-01-01', NULL, 9, 1),
(619, 'Pan', 'Artur', 'Stefanski', 4, '1900-01-01', NULL, 9, 1),
(620, 'Mr', 'David', 'Waldron', 3, NULL, NULL, 9, 1),
(621, 'Frau', 'Lina', 'Kobeissi', 2, '1900-01-01', NULL, 8, 1),
(622, 'Mrs', 'Pamela', 'Oder', 3, NULL, NULL, 8, 1),
(623, 'Sig.ra', 'Amalia', 'Di costanzo', 1, '1900-01-01', NULL, 8, 1),
(624, 'Pani', 'Malwina', 'Urbaniak', 4, '1900-01-01', NULL, 8, 1),
(625, 'Miss', 'T', 'Holmes', 3, NULL, NULL, 8, 1),
(626, 'Frau', 'Mainie', 'Salifou', 2, '1900-01-01', NULL, 8, 1),
(627, 'Monsieur', '', 'Madame wagner', 5, '1900-01-01', NULL, 9, 1),
(628, 'Sig.', 'Massimo', 'Manna', 1, '1900-01-01', NULL, 9, 1),
(629, 'Ms', '', 'The occupier', 3, '1900-01-01', NULL, 8, 1),
(630, '', 'Chiara', 'Ceci', 1, '1900-01-01', NULL, NULL, 1),
(631, 'Mrs', 'Petrina', 'White', 3, NULL, NULL, 8, 1),
(632, 'Sig.', 'Raffaele', 'Guglielmi', 1, '1900-01-01', NULL, 9, 1),
(633, 'Madame', 'Celine', 'Psender', 5, '1900-01-01', NULL, 8, 1),
(634, 'Frau', 'Nicole', 'Schwinn', 2, NULL, NULL, 8, 1),
(635, '', '', '', NULL, NULL, NULL, NULL, 1),
(636, 'Herr', 'Heiner', 'Holtmann', 2, '1900-01-01', NULL, 9, 1),
(637, 'Miss', 'C', 'Higgins', 3, NULL, NULL, NULL, 1),
(638, 'Sig.', 'Wolfango', 'Graziani', 1, '1900-01-01', NULL, 9, 1),
(639, 'Frau', 'Angela', 'Villino', 2, '1900-01-01', NULL, 8, 1),
(640, 'Mrs', 'R', 'Roberts', 3, NULL, NULL, NULL, 1),
(641, 'Frau', 'Beate', 'Kimpel', 2, '1900-01-01', NULL, 8, 1),
(642, 'Mr', 'Philip', 'Wales', 3, '1900-01-01', NULL, NULL, 1),
(643, 'Mr', 'Derek', 'Walters', 3, NULL, NULL, NULL, 1),
(644, 'Mrs', 'C', 'Rowland', 3, NULL, NULL, 8, 1),
(645, 'Madame', 'Lise', 'Dupuy', 5, '1900-01-01', NULL, 8, 1),
(646, 'Monsieur', '', 'Guilbert', 5, '1900-01-01', NULL, 9, 1),
(647, 'Fam.', 'Jma', 'Haanen', 7, '1900-01-01', NULL, NULL, 1),
(648, 'Frau', '', 'A0010365', 2, '1900-01-01', NULL, 8, 1),
(649, 'Mrs', 'Mary', 'Meechan', 3, NULL, NULL, NULL, 1),
(650, 'Firma', '', 'Do&co', 2, '1900-01-01', NULL, NULL, 1),
(651, 'Frau', 'Katharina', 'Maier', 2, '1900-01-01', NULL, 8, 1),
(652, 'Frau', 'Ivanka', 'Beljan', 2, '1900-01-01', NULL, 8, 1),
(653, 'Sig.', 'Carri', 'Maggioni', 1, '1900-01-01', NULL, 9, 1),
(654, 'Mrs', 'S', 'Wyatt', 3, '1900-01-01', NULL, 8, 1),
(655, 'Herr', 'Dirk', 'Seifert', 2, '1900-01-01', NULL, 9, 1),
(656, 'Sig.', 'Amedeo', 'Alessandrini', 1, '1900-01-01', NULL, 9, 1),
(657, 'Mrs', 'K', 'Wilson', 3, NULL, NULL, NULL, 1),
(658, 'Mevr.', '', 'Verloop', 7, '1900-01-01', NULL, 8, 1),
(659, '', '', 'Lorenzoni', 5, '1900-01-01', NULL, NULL, 1),
(660, 'Mr', 'A', 'Tuffnell', 3, '1900-01-01', NULL, 9, 1),
(661, 'Sig.ra', 'Giulia', 'Cotrone', 1, NULL, NULL, 8, 1),
(662, 'Sig.', 'Fernando', 'Ghibellini', 1, '1900-01-01', NULL, 9, 1),
(663, 'Sig.', 'Augustino', 'Auditore', 1, '1900-01-01', NULL, 9, 1),
(664, 'Mr', 'Thomas', 'Moore', 3, NULL, NULL, 9, 1),
(665, '', '', 'Henriksson rune', 10, '1900-01-01', NULL, NULL, 1),
(666, 'Dhr.', 'Jeroen', 'Callens', 7, '1900-01-01', NULL, 9, 1),
(667, 'Mr', '', '', 3, NULL, NULL, NULL, 1),
(668, 'Mr', 'A', 'Macgregor', 3, NULL, NULL, 9, 1),
(669, 'Mr', 'Giovanni', 'Roman', 3, NULL, NULL, NULL, 1),
(670, '', '', 'Halvorsen synnøve', 6, NULL, NULL, NULL, 1),
(671, 'Monsieur', 'Fabien', 'Millet', 5, '1900-01-01', NULL, 9, 1),
(672, '', 'Catherine', 'Greaume', 5, '1900-01-01', NULL, NULL, 1),
(673, 'Miss', 'Donna', 'Veasey', 3, NULL, NULL, NULL, 1),
(674, 'Herr', 'Johannes', 'Braun', 2, '1900-01-01', NULL, 9, 1),
(675, '', 'Alain', 'Mousquey', 5, '1900-01-01', NULL, NULL, 1),
(676, 'Monsieur', 'Philippe', 'Beille', 5, '1900-01-01', NULL, 9, 1),
(677, 'Frau', '', 'A0067678', 2, '1900-01-01', NULL, 8, 1),
(678, 'Miss', 'Gwynneth', 'Chappell', NULL, NULL, NULL, NULL, 1),
(679, 'Herr', 'Andreas', 'Kutzera', 2, '1900-01-01', NULL, 9, 1),
(680, '', 'Christophe', 'Benoit', 5, '1900-01-01', NULL, NULL, 1),
(681, 'Herr', 'Thomas', 'Müller', 2, '1900-01-01', NULL, 9, 1),
(682, '', 'Mario', 'Parisi', 1, '1900-01-01', NULL, NULL, 1),
(683, 'Frau', 'Sabine', 'Karger', 2, '1900-01-01', NULL, 8, 1),
(684, 'Mrs', 'Antonio', 'Sousa martins', 15, '1900-01-01', NULL, 8, 1),
(685, 'Mrs', '', 'Norval', 3, NULL, NULL, NULL, 1),
(686, 'Miss', 'Aisha', 'Elhajji', 3, NULL, NULL, 8, 1),
(687, '', 'Martin', 'Cibulka', 8, '1900-01-01', NULL, NULL, 1),
(688, '', '', 'Gasparini', 5, '1900-01-01', NULL, NULL, 1),
(689, 'Mr', 'R', 'Russell', 3, NULL, NULL, 9, 1),
(690, 'Herr', 'Lothar', 'Marchlewski', 2, '1900-01-01', NULL, 9, 1),
(691, 'Herr', 'Monica', 'D\'urso', 2, '1900-01-01', NULL, 9, 1),
(692, 'Mrs', 'I', 'Mackenzie', 3, '1900-01-01', NULL, 8, 1),
(693, 'Mrs', 'Juan', 'Fernandez pacheco', 9, '1900-01-01', NULL, 8, 1),
(694, 'Sig.ra', 'Silvana', 'Sanfilippo', 1, '1900-01-01', NULL, 8, 1),
(695, 'Sig.', 'Claudio', 'Casalini', 1, '1900-01-01', NULL, 9, 1),
(696, 'Herr', 'Herbert', 'Lang', 2, NULL, NULL, 9, 1),
(697, 'Pan', 'Josef', 'Rosa', 8, '1900-01-01', NULL, 9, 1),
(698, 'Herr', 'Dieter', 'Gullmann', 2, '1900-01-01', NULL, 9, 1),
(699, 'Mr', 'David', 'Archer', NULL, NULL, NULL, NULL, 1),
(700, 'Mrs', 'M', 'Shevlim', 3, NULL, NULL, 8, 1),
(701, 'Sig.', 'Luciano', 'Garolla', 1, '1900-01-01', NULL, 9, 1),
(702, 'Madame', 'Jennifer', 'Campos', 5, '1900-01-01', NULL, 8, 1),
(703, 'Monsieur', 'Gilles', 'Ferez', 5, '1900-01-01', NULL, 9, 1),
(704, '', '', 'Dos reis', 5, '1900-01-01', NULL, NULL, 1),
(705, 'Mrs', 'J', 'Brooks', 3, NULL, NULL, NULL, 1),
(706, 'Mrs', 'Cathy', 'Mccallum', 3, NULL, NULL, 8, 1),
(707, 'Mr', 'M', 'Beachey', 3, '1900-01-01', NULL, 9, 1),
(708, 'Mr', 'B', 'Ogunkanmi', 3, NULL, NULL, 9, 1),
(709, 'Sig.', 'Gerardo', 'Oliviero', 1, '1900-01-01', NULL, 9, 1),
(710, 'Monsieur', '', 'Snc cogedim mediterranee', 5, '1900-01-01', NULL, 9, 1),
(711, 'Madame', 'Fatima', 'Guermit', 5, '1900-01-01', NULL, 8, 1),
(712, 'Monsieur', 'Anna', 'Moscardini', 5, '1900-01-01', NULL, NULL, 1),
(713, '', '- 051662347', 'Darty', 5, '1900-01-01', NULL, NULL, 1),
(714, 'Mr', 'E', 'Jones', 3, NULL, NULL, 9, 1),
(715, 'Monsieur', '', 'Collart', 5, '1900-01-01', NULL, 9, 1),
(716, 'Dhr.', 'Bart', 'Verloy', 7, '1900-01-01', NULL, 9, 1),
(717, '', 'Luigi massimo', 'Bruccheri', 1, '1900-01-01', NULL, NULL, 1),
(718, 'Mr', 'C', 'Hancock', 3, NULL, NULL, 9, 1),
(719, 'Herr', 'Holger', 'Kind', 2, '1900-01-01', NULL, 9, 1),
(720, 'Miss', 'J', 'Stevenson', 3, NULL, NULL, 8, 1),
(721, 'Mr', 'Steven', 'Passfield', 3, NULL, NULL, 9, 1),
(722, 'Mrs', 'Pauline', 'Clayton', 3, NULL, NULL, 8, 1),
(723, 'Mr', '', 'Argent', 3, NULL, NULL, 9, 1),
(724, 'Sig.', 'Mariaelena', 'Cinini', 1, '1900-01-01', NULL, 9, 1),
(725, 'Sig.', 'Luca', 'Ferrazza', 1, '1900-01-01', NULL, 9, 1),
(726, 'Mr', '', 'Oliff', 3, NULL, NULL, 9, 1),
(727, 'Frau', 'Ulrike', 'Grigo', 2, '1900-01-01', NULL, 8, 1),
(728, 'Mej.', 'R', 'Hazes', 7, '1900-01-01', NULL, 8, 1),
(729, 'Mrs', 'E', 'Paterson', 3, '1900-01-01', NULL, 8, 1),
(730, 'Sra.', 'Tania', 'Barbosa', 15, '1900-01-01', NULL, 8, 1),
(731, 'Mr.', 'Emil', 'Yderskov', 17, NULL, NULL, 9, 1),
(732, 'Mrs', 'Pm', 'Wilding', 3, NULL, NULL, 8, 1),
(733, '', 'Friend', 'Friend', 1, NULL, NULL, NULL, 1),
(734, 'Mr', 'A', 'Maxwell', 3, NULL, NULL, 9, 1),
(735, 'Pan', 'Leon', 'Szefler', 4, '1900-01-01', NULL, 9, 1),
(736, 'Mrs', 'E', 'Harris', 3, NULL, NULL, 8, 1),
(737, 'Mr', 'Kieth', 'Lennard', 3, '1900-01-01', NULL, 9, 1),
(738, 'Mr', 'Rj', 'Richardson', 3, NULL, NULL, 9, 1),
(739, 'Madame', 'Martine', 'Sigogneau', 5, '1900-01-01', NULL, 8, 1),
(740, 'Frau', '', 'A0070875', 2, '1900-01-01', NULL, 8, 1),
(741, 'Mrs', 'Elizabeth', 'Ojo', 3, NULL, NULL, 8, 1),
(742, 'Mrs', 'J', 'Fashey', 3, NULL, NULL, NULL, 1),
(743, 'Mr.', 'Marius', 'Gabinat', 14, '1900-01-01', NULL, 9, 1),
(744, 'Herr', 'Ulf', 'Fürster', 2, NULL, NULL, 9, 1),
(745, 'Mr.', '', 'Gramstad knut åge', 6, NULL, NULL, 9, 1),
(746, 'Mr', 'J', 'West', 3, NULL, NULL, NULL, 1),
(747, 'Sig.ra', 'Caterina', 'Scacciante', 1, '1900-01-01', NULL, 8, 1),
(748, 'Mrs', '', 'Hamilton', 3, NULL, NULL, 8, 1),
(749, 'Sig.ra', 'Silvia', 'Saini', 1, '1900-01-01', NULL, 8, 1),
(750, 'Mrs', 'Mu', 'Shaw', 3, NULL, NULL, 8, 1),
(751, 'Herr', 'Nadine', 'Groth', 2, '1900-01-01', NULL, 9, 1),
(752, 'Miss', 'Kerry', 'Mills', 3, '1001-11-07', NULL, 8, 1),
(753, 'Miss', 'Charlotte', 'Pike', 3, NULL, NULL, 8, 1),
(754, 'Mrs', 'N', 'Blair', 3, NULL, NULL, 8, 1),
(755, 'Ms', 'Carol', 'Hindley', 3, NULL, NULL, 8, 1),
(756, 'Herr', 'Alfonso', 'Boccia', 2, '1900-01-01', NULL, 9, 1),
(757, '', 'Antonio', 'Cannizzo', 1, '1900-01-01', NULL, 9, 1),
(758, 'Mrs', 'Jackie', 'Corbett', 3, NULL, NULL, NULL, 1),
(759, '', 'Mariette', 'Timmermans', 7, '1900-01-01', NULL, NULL, 1),
(760, 'Mrs', 'Hege', 'Walle', 6, '1900-01-01', NULL, 8, 1),
(761, 'Monsieur', 'Michael', 'Sorton', 5, '1900-01-01', NULL, 9, 1),
(762, 'Mr', 'D', 'Lawrance', 3, NULL, NULL, 9, 1),
(763, 'Mrs', '', 'Newton', 3, NULL, NULL, NULL, 1),
(764, '', 'Elga', 'Pedersoli', 1, NULL, NULL, NULL, 1),
(765, 'Herr', 'Andreas', 'Krause', 2, NULL, NULL, 9, 1),
(766, '', 'Albert', 'Froetscher', 1, '1900-01-01', NULL, NULL, 1),
(767, 'Mr', 'P', 'Crowley', 3, NULL, NULL, 9, 1),
(768, 'Herr', 'Dirk', 'Hartmann', 2, '1900-01-01', NULL, 9, 1),
(769, 'Monsieur', 'Genevievre', 'Gourdol', 5, '1900-01-01', NULL, 9, 1),
(770, 'Monsieur', 'Omar', 'Fares', 5, '1900-01-01', NULL, 9, 1),
(771, 'Pan', 'Josef', 'Červený', 8, '1900-01-01', NULL, 9, 1),
(772, 'Frau', 'Bodhaina', 'Hamdan', 2, NULL, NULL, 8, 1),
(773, 'Miss', 'Stephanie', 'Brereton', 3, NULL, NULL, NULL, 1),
(774, 'Fam.', 'A', 'Wijk', 7, '1900-01-01', NULL, NULL, 1),
(775, 'Fam.', 'M', 'Quint', 7, '1900-01-01', NULL, NULL, 1),
(776, 'Miss', 'L', 'Bradbury', 3, NULL, NULL, NULL, 1),
(777, 'Mrs', 'Nicola', 'Lewis', 3, NULL, NULL, NULL, 1),
(778, 'Ms.', 'Sandra', 'Skau', 17, NULL, NULL, 8, 1),
(779, 'Mr', '', 'Davies', 3, NULL, NULL, NULL, 1),
(780, 'Mr', 'Paul', 'Gittins', 3, NULL, NULL, 9, 1),
(781, 'Frau', 'Elena', 'Alambiaga', 2, '1900-01-01', NULL, 8, 1),
(782, 'Frau', '', 'A0034767', 2, '1900-01-01', NULL, 8, 1),
(783, 'Miss', 'Karen', 'Tracey', 3, NULL, NULL, 8, 1),
(784, 'Monsieur et  Madame', '', 'Heuschen', 5, '1900-01-01', NULL, NULL, 1),
(785, 'Mrs', 'A', 'Livingston', 3, '1900-01-01', NULL, 8, 1),
(786, '', 'Mario', 'Marchiano', 1, '1900-01-01', NULL, 9, 1),
(787, 'Mrs', 'A', 'Critchley', 3, NULL, NULL, 8, 1),
(788, 'Mevr.', 'Karin', 'Koehler', 7, NULL, NULL, 8, 1),
(789, 'Mrs', 'Alison', 'Mcgiven', 3, NULL, NULL, NULL, 1),
(790, 'Sig.ra', 'Klodiana', 'Lushka', 1, '1900-01-01', NULL, 8, 1),
(791, 'Fam.', '', 'Claessens', 7, '1900-01-01', NULL, NULL, 1),
(792, 'Pan', 'Petr', 'Vyletel', 8, NULL, NULL, 9, 1),
(793, 'Mrs', 'I', 'Bonner', 3, NULL, NULL, 8, 1),
(794, 'Sra.', 'Maria coelho', 'Cristina', 15, '1900-01-01', NULL, 8, 1),
(795, 'Sig.ra', 'Alunni', 'Ragni', 1, '1900-01-01', NULL, 8, 1),
(796, 'Pan', 'Krzysztof', 'Szypa', 4, '1900-01-01', NULL, 9, 1),
(797, 'Mrs', '', 'Downton', 3, NULL, NULL, 8, 1),
(798, '', 'Amato', 'Bozzoli', 1, '1900-01-01', NULL, 9, 1),
(799, 'Mr', 'Mr', 'Stanbridge', 3, '1900-01-01', NULL, 9, 1),
(800, 'Mrs', '', 'Beckett', 3, NULL, NULL, NULL, 1),
(801, 'Mr', 'C', 'Lord', 3, '1900-01-01', NULL, 9, 1),
(802, 'Mej.', 'Jan', 'Christians', 7, '1900-01-01', NULL, 8, 1),
(803, 'Sr.', 'Carlos', 'Fernandes', 15, '1900-01-01', NULL, 9, 1),
(804, 'Miss', 'T', 'Eves', 3, NULL, NULL, 8, 1),
(805, 'Mr', 'M', 'Shahid', 3, NULL, NULL, 9, 1),
(806, 'Mr', 'R', 'Allan', 3, '1900-01-01', NULL, 9, 1),
(807, 'Mr', 'C', 'Brown', 3, '1900-01-01', NULL, 9, 1),
(808, '', 'Alesandro', 'Baldi', 1, '1900-01-01', NULL, NULL, 1),
(809, 'Mr', 'Rc', 'Avis', 3, NULL, NULL, 9, 1),
(810, 'Mrs', 'Debbie', 'Hall', 3, NULL, NULL, 8, 1),
(811, 'Mrs', 'M', 'Barrow', 3, NULL, NULL, NULL, 1),
(812, 'Mr', 'K', 'Croxford', 3, NULL, NULL, NULL, 1),
(813, 'Mrs', 'J', 'Carey', 3, '1900-01-01', NULL, 8, 1),
(814, 'Mrs', 'To', 'Caisley', 3, NULL, NULL, 8, 1),
(815, 'Frau', 'Michaela', 'Beinecke', 2, NULL, NULL, 8, 1),
(816, 'Mr', 'Aj', 'Mcleman', 3, '1900-01-01', NULL, 9, 1),
(817, 'Mrs', 'R', 'Hughes', 3, NULL, NULL, 8, 1),
(818, 'Mr', '', 'Lid har', 3, NULL, NULL, 9, 1),
(819, 'Dhr.', '', 'Doesburg', 7, '1900-01-01', NULL, 9, 1),
(820, 'Mr', '', 'Oluigbo', 3, NULL, NULL, NULL, 1),
(821, 'Mrs', '', 'Devaney', 3, NULL, NULL, NULL, 1),
(822, 'Sig.', 'Dario', 'Olivari', 1, '1900-01-01', NULL, 9, 1),
(823, 'Mr', 'Iftakhar', 'Zafar', 3, NULL, NULL, 9, 1),
(824, 'Mrs', 'M', 'Vrabelova', 3, NULL, NULL, 8, 1),
(825, 'Mrs', 'Nicola', 'Allen', 3, NULL, NULL, NULL, 1),
(826, '', 'Michele', 'Gabriele', 1, '1900-01-01', NULL, NULL, 1),
(827, 'Mrs', 'S', 'Bhaskal', 3, NULL, NULL, NULL, 1),
(828, 'Pan', 'Grzegorz', 'Kawula', 4, '1900-01-01', NULL, 9, 1),
(829, 'Dhr.', '', 'Willemssens', 7, '1900-01-01', NULL, 9, 1),
(830, 'Mr', 'Arkadiusz', 'Jonik', 3, NULL, NULL, 9, 1),
(831, '', 'Bjørne', 'Guldbrandsen', 3, NULL, NULL, NULL, 1),
(832, 'Frau', '', 'A0135426', 2, '1900-01-01', NULL, 8, 1),
(833, 'Sig.ra', 'Rosa', 'Belotti', 1, '1900-01-01', NULL, 8, 1),
(834, 'Sr.', 'Jose maria', 'Ribeiro macau', 15, '1900-01-01', NULL, 9, 1),
(835, 'Madame', 'Malika', 'Bari', 5, '1900-01-01', NULL, 8, 1),
(836, 'Mrs', 'Claudia', 'Ceroni', 1, '1900-01-01', NULL, 8, 1),
(837, 'Mr', 'I', 'Kelly', 3, NULL, NULL, 9, 1),
(838, 'Miss', '', 'Edmondson', 3, NULL, NULL, 8, 1),
(839, 'Mr', '', 'Healey', 3, NULL, NULL, NULL, 1),
(840, 'Monsieur', 'Jean yves', 'Fertard', 5, '1900-01-01', NULL, 9, 1),
(841, 'Miss', 'H', 'He', 3, NULL, NULL, 8, 1),
(842, 'Frau', 'Petra', 'Mayr', 2, '1900-01-01', NULL, 8, 1),
(843, 'Miss', '', 'Poole', 3, NULL, NULL, NULL, 1),
(844, 'Mr', 'Bj', 'Wenham', 3, '1900-01-01', NULL, 9, 1),
(845, 'Mr', '', 'Short', 3, NULL, NULL, NULL, 1),
(846, '', 'Salvatore', 'Cirinnà', 1, '1945-03-17', NULL, 9, 1),
(847, '', 'Jeannine', 'Van hofyen', 7, '1900-01-01', NULL, NULL, 1),
(848, 'Madame', 'Marine', 'Le livec', 5, '1900-01-01', NULL, 8, 1),
(849, 'Miss', 'K', 'Bevhandi', 3, NULL, NULL, NULL, 1),
(850, 'Mr.', 'Yngve', 'Langsrud', 6, NULL, NULL, 9, 1),
(851, 'Dhr.', 'Joris', 'Van vliet', 7, '1900-01-01', NULL, 9, 1),
(852, 'Mrs', 'E', 'Knowles', 3, NULL, NULL, 8, 1),
(853, 'Sr.', 'Luis', 'Martinez sanz', 9, '1900-01-01', NULL, 9, 1),
(854, 'Pan', 'Adrian', 'Stochmal', 4, '1900-01-01', NULL, 9, 1),
(855, 'Mrs', 'Gw', 'Lowe', 3, '1900-01-01', NULL, 8, 1),
(856, '', 'Rosario', 'Cifali', 1, '1900-01-01', NULL, NULL, 1),
(857, 'Paní', 'Andrea', 'Kerelova', 8, NULL, NULL, 8, 1),
(858, 'Mrs', 'P', 'Baker', 3, NULL, NULL, 8, 1),
(859, 'Monsieur', 'Vanessa', 'Bertrand', 5, '1900-01-01', NULL, 9, 1),
(860, 'Frau', '', 'A0186162', 2, '1900-01-01', NULL, 8, 1);
INSERT INTO `customer` (`id`, `title`, `first_name`, `last_name`, `correspondence_language_id`, `birth_date`, `marital_status_id`, `gender_id`, `status`) VALUES
(861, 'Mr', '', 'Brown', 3, '1900-01-01', NULL, 9, 1),
(862, 'Sig.ra', 'Miglianella', 'Migliani', 1, '1900-01-01', NULL, 8, 1),
(863, 'Dr.', 'Walter', 'Galli', 1, '1900-01-01', NULL, NULL, 1),
(864, 'Ms.', 'Gabriela', 'Tomaskova', 8, '1900-01-01', NULL, 8, 1),
(865, 'Herr', 'Heinz', 'Kapusta', 2, '1900-01-01', NULL, 9, 1),
(866, 'Pan', 'Filip', 'Koller', 4, NULL, NULL, 9, 1),
(867, 'Fam.', 'T', 'Laan', 7, '1900-01-01', NULL, NULL, 1),
(868, 'Frau', 'Stefanie', 'Broel', 2, '1900-01-01', NULL, 8, 1),
(869, 'Frau', 'Marianne', 'Bamford', 2, '1900-01-01', NULL, 8, 1),
(870, 'Monsieur', '', 'Beuchon', 5, '1900-01-01', NULL, 9, 1),
(871, 'Mr', 'Charanjeet', 'Bharya', 3, '1960-08-08', NULL, NULL, 1),
(872, 'Mrs', 'P', 'White', 3, NULL, NULL, 8, 1),
(873, 'Monsieur', 'Chantal', 'Couteaud', 5, '1900-01-01', NULL, 9, 1),
(874, 'Mr', 'H', 'Zingh', 3, NULL, NULL, 9, 1),
(875, 'Mrs', '', 'Kingham', 3, NULL, NULL, 8, 1),
(876, 'Пані', 'Наталья михайловна', 'Костырко', 13, '1900-01-01', NULL, 8, 1),
(877, 'Pani', 'Grażyna', 'Musiałowska', 4, '1900-01-01', NULL, 8, 1),
(878, 'Dhr.', 'M', 'Hulst', 7, '1900-01-01', NULL, 9, 1),
(879, '', 'Chiara', 'Ortolani', 1, '1900-01-01', NULL, 8, 1),
(880, 'Frau', 'Antje', 'Fieß', 2, '1900-01-01', NULL, 8, 1),
(881, 'Mrs', 'Sally', 'Buttifant', 3, NULL, NULL, 8, 1),
(882, 'Mr', 'Alan', 'Jones', 3, NULL, NULL, NULL, 1),
(883, '', 'Stephane', 'Chevalier', 5, '1900-01-01', NULL, NULL, 1),
(884, 'Monsieur', 'Patricia', 'Laine', 5, '1900-01-01', NULL, 9, 1),
(885, 'Sig.', 'Maurizio', 'Gallucci', 1, '1900-01-01', NULL, 9, 1),
(886, 'Mr', 'Dermot', 'Bland', 3, NULL, NULL, NULL, 1),
(887, 'Pan', 'Jacek', 'Sroka', 4, '1900-01-01', NULL, 9, 1),
(888, 'Mr', 'A', 'Henderson', 3, NULL, NULL, 9, 1),
(889, 'Ms', '', 'Halford', 3, NULL, NULL, 8, 1),
(890, 'Madame', 'Jacqueline', 'Gigant', 5, '1900-01-01', NULL, 8, 1),
(891, 'Madame', 'Elodie', 'Bouhours', 5, '1900-01-01', NULL, 8, 1),
(892, 'Miss', 'Diana', 'Perry', 3, NULL, NULL, 8, 1),
(893, 'Miss', 'C', 'Spelaman', 3, NULL, NULL, NULL, 1),
(894, 'Madame', 'Anne marie', 'Nguepse', 5, '1900-01-01', NULL, 8, 1),
(895, 'Sig.', 'Giovanna benedetta', 'Leone', 1, '1900-01-01', NULL, 9, 1),
(896, '', '', 'Lemonnier', 3, '1900-01-01', NULL, NULL, 1),
(897, 'Sig.', 'Claudio', 'La vita', 1, '1900-01-01', NULL, 9, 1),
(898, 'Miss', 'Teri', 'Blackburn', 3, NULL, NULL, 8, 1),
(899, 'Frau', 'Salima', 'Houbban', 2, '1900-01-01', NULL, 8, 1),
(900, 'Mrs', 'Barbara', 'Ferguson', 3, NULL, NULL, 8, 1),
(901, 'Mrs', 'Jean', 'Eaves', 3, NULL, NULL, 8, 1),
(902, 'Pan', 'Tomasz', 'Kowalski', 4, '1900-01-01', NULL, 9, 1),
(903, 'Herr', 'Heinz', 'Kapusta', 2, '1900-01-01', NULL, 9, 1),
(904, 'Mrs', 'I', 'Patel', NULL, NULL, NULL, 8, 1),
(905, 'Mrs', 'M', 'Hesketh', 3, NULL, NULL, 8, 1),
(906, 'Sig.', 'Sig', 'Vivacqua', 1, '1900-01-01', NULL, 9, 1),
(907, 'Madame', 'Beatrice', 'Tessier', 5, '1900-01-01', NULL, 8, 1),
(908, 'Madame', 'Clara', 'Gibert', 5, '1900-01-01', NULL, 8, 1),
(909, 'Mrs', 'Se', 'Dutton', 3, '1900-01-01', NULL, 8, 1),
(910, 'Miss', 'Antonia', 'Garcia lopez', 9, '1900-01-01', NULL, 8, 1),
(911, 'Frau', '', 'A0251540', 2, NULL, NULL, 8, 1),
(912, 'Sra.', 'Rocio', 'Gutierrez', 9, '1900-01-01', NULL, 8, 1),
(913, 'Mrs', 'Jacqueline', 'Doyle', 3, NULL, NULL, NULL, 1),
(914, 'Frau', 'Nicole', 'Reidelbach', 2, '1900-01-01', NULL, 8, 1),
(915, '', 'Solaka', 'Liver', 10, NULL, NULL, NULL, 1),
(916, 'Mr', 'R', 'Ahmed', 3, NULL, NULL, NULL, 1),
(917, 'Madame', 'Elodie', 'Tremblay', 5, '1900-01-01', NULL, NULL, 1),
(918, 'Mrs', 'Brenda', 'Eyre', 3, NULL, NULL, 8, 1),
(919, '', 'Hottmann', 'Anke', 2, '1900-01-01', NULL, NULL, 1),
(920, 'Mrs', 'A', 'Bayssa', 3, NULL, NULL, NULL, 1),
(921, 'Frau', 'Daniel', 'Gabriele', 2, '1900-01-01', NULL, 8, 1),
(922, 'Monsieur', 'Thierry', 'Croyal', 5, '1900-01-01', NULL, 9, 1),
(923, 'Mr', 'Martin', 'Mellersh', 3, NULL, NULL, NULL, 1),
(924, 'Mr', 'J', 'Lacey', 3, NULL, NULL, NULL, 1),
(925, 'Mr', 'Mike', 'Male', 3, NULL, NULL, NULL, 1),
(926, 'Frau', 'Gerlina', 'Elzer', 2, '1900-01-01', NULL, 8, 1),
(927, 'Miss', '', 'Gaffney', 3, NULL, NULL, NULL, 1),
(928, '', '', '', NULL, NULL, NULL, NULL, 1),
(929, 'Sig.', 'Suor ester', 'Comunità monastero santa', 1, '1900-01-01', NULL, 9, 1),
(930, 'Herr', 'Zouhir', 'Asaad', 2, '1900-01-01', NULL, 9, 1),
(931, 'Mrs', 'Ms', 'Skurr', 3, '1900-01-01', NULL, 8, 1),
(932, '', 'Loretta', 'Permunian', 1, '1900-01-01', NULL, NULL, 1),
(933, 'Miss', 'A', 'Moris', 3, NULL, NULL, 8, 1),
(934, '', '', 'Vachette', 5, '1900-01-01', NULL, NULL, 1),
(935, 'Monsieur', 'Marie noelle', 'Ragni', 5, '1900-01-01', NULL, 9, 1),
(936, 'Pán', 'Milan', 'Sekeres', 16, NULL, NULL, 9, 1),
(937, 'Pani', 'Danuta', 'Wiśniewska', 4, '1900-01-01', NULL, 8, 1),
(938, 'Mrs', 'P', 'Martin', 3, NULL, NULL, NULL, 1),
(939, 'Mr', 'D', 'Ponzi', 3, NULL, NULL, 9, 1),
(940, 'Herr', 'Iskender', 'Özerdem', 2, '1900-01-01', NULL, 9, 1),
(941, 'Mrs', 'Samantha', 'Walton', 3, NULL, NULL, 8, 1),
(942, 'Miss', 'Soňa', 'Neščáková', 16, '1900-01-01', NULL, 8, 1),
(943, '', 'Fabio', 'Di guardo', 1, '1900-01-01', NULL, 9, 1),
(944, 'Ms', 'V', 'Williams', 3, NULL, NULL, 8, 1),
(945, '', 'Nicola', 'Damato', 1, '1900-01-01', NULL, 9, 1),
(946, 'Mr', 'Gf', 'Cope', 3, '1900-01-01', NULL, 9, 1),
(947, 'Mrs', 'B', 'O\'rourke', 3, NULL, NULL, NULL, 1),
(948, 'Dr.', 'Roberto', 'Miradola', 1, '1900-01-01', NULL, NULL, 1),
(949, 'Herr', 'Danilo', 'Castellani', 2, '1900-01-01', NULL, 9, 1),
(950, '', 'Sergio', 'Riganelli', 1, '1900-01-01', NULL, 9, 1),
(951, 'Monsieur', 'Claude', 'Hizer', 5, '1900-01-01', NULL, 9, 1),
(952, 'Mrs', 'Ij', 'Fitch', 3, '1900-01-01', NULL, 8, 1),
(953, 'Mrs', '', 'Windows', 3, NULL, NULL, NULL, 1),
(954, 'Mrs', 'J', 'Edwards', 3, NULL, NULL, 8, 1),
(955, 'Sig.', 'Cristiano', 'Bosco', 1, '1900-01-01', NULL, 9, 1),
(956, 'Mr.', 'Bekjarvik', 'Gjesgiveri', 6, '1900-01-01', NULL, 9, 1),
(957, 'Mrs', 'J', 'Nikola', 3, '1900-01-01', NULL, 8, 1),
(958, 'Mrs', 'P', 'Mulqueen', 3, NULL, NULL, NULL, 1),
(959, 'Mr', 'S', 'Gavin', 3, NULL, NULL, NULL, 1),
(960, 'Ms', '/', 'Keillor', 3, '1900-01-01', NULL, 8, 1),
(961, 'Firma', 'Prohaus', 'Immobilienverwaltu', 2, '1900-01-01', NULL, NULL, 1),
(962, 'Frau', 'Constanze', 'Röhrs', 2, '1900-01-01', NULL, 8, 1),
(963, 'Mrs', '', 'Mahmood', 3, NULL, NULL, NULL, 1),
(964, 'Mr', 'J', 'Rees', 3, '1900-01-01', NULL, 9, 1),
(965, 'Miss', 'M', 'Jackson', 3, '1900-01-01', NULL, 8, 1),
(966, 'Mrs', '', 'Beardsmore', 3, NULL, NULL, 8, 1),
(967, 'Madame', 'Marie-josé', 'Dumont', 5, '1900-01-01', NULL, 8, 1),
(968, 'Mr', 'H', 'Moradi', 3, NULL, NULL, 9, 1),
(969, 'Mrs', 'Sarah', 'Robson', 3, NULL, NULL, NULL, 1),
(970, 'Ms.', 'Janina', 'Brøker', 17, '1900-01-01', NULL, 8, 1),
(971, 'Mr', 'D', 'Atkinson', 3, NULL, NULL, NULL, 1),
(972, 'Mr', 'Paul', 'Dutton', 3, NULL, NULL, 9, 1),
(973, 'Mrs', 'S', 'Derome', 3, NULL, NULL, 8, 1),
(974, 'Mrs', 'Ann', 'Richardson', 3, NULL, NULL, 8, 1),
(975, 'Pán', 'Peter', 'Trnovský', 16, '1900-01-01', NULL, 9, 1),
(976, 'Fam.', '', 'Willems leopold', 7, '1900-01-01', NULL, NULL, 1),
(977, 'Mr', 'G', 'Rider', 3, NULL, NULL, NULL, 1),
(978, 'Sig.ra', 'Maria luisa', 'Franceschini', 1, '1900-01-01', NULL, 8, 1),
(979, 'Pani', 'Emilia', 'Urbaniak', 4, '1900-01-01', NULL, 8, 1),
(980, 'Mrs', 'Eileen', 'Perkins', 3, NULL, NULL, 8, 1),
(981, 'Madame', 'Dominique', 'Simonetti', 5, '1900-01-01', NULL, 8, 1),
(982, '', 'Edwin', 'Schmitt', 5, '1900-01-01', NULL, NULL, 1),
(983, 'Sig.', 'Carlo', 'Felicetti', 1, '1900-01-01', NULL, 9, 1),
(984, 'Miss', 'Heidi', 'Broadbent', 3, NULL, NULL, NULL, 1),
(985, 'Pani', 'Iwona', 'Czapska-grudek', 4, '1900-01-01', NULL, 8, 1),
(986, 'Frau', 'Petra', 'Mayr', 2, '1900-01-01', NULL, 8, 1),
(987, 'Frau', 'Stephanie -doppelt', 'Hofecker', 2, NULL, NULL, 8, 1),
(988, 'Mr', 'J', 'Crossan', 3, NULL, NULL, 9, 1),
(989, 'Miss', 'Claire', 'Scarborough', 3, NULL, NULL, 8, 1),
(990, 'Dr.', 'Margherita', 'Nardi', 1, '1900-01-01', NULL, NULL, 1),
(991, 'Mrs', 'Maria', 'Dunning', 3, NULL, NULL, NULL, 1),
(992, 'Mr', 'Noel', 'Staunton', 3, '1900-01-01', NULL, 9, 1),
(993, 'Mrs', 'T', 'Cleverly', 3, '1900-01-01', NULL, 8, 1),
(994, '', 'Carole', 'Rota treguer', 5, '1900-01-01', NULL, NULL, 1),
(995, 'Mr', 'T', 'Moomui', 3, NULL, NULL, 9, 1),
(996, 'Mr', '', 'Harrison', 3, NULL, NULL, NULL, 1),
(997, '', '', '', 5, '1900-01-01', NULL, NULL, 1),
(998, 'Mr', 'Gary', 'Richardson', 3, NULL, NULL, 9, 1),
(999, 'Madame', 'Carole', 'Fievez', 5, '1900-01-01', NULL, 8, 1),
(1000, 'Mrs', 'Karen', 'Caruso', 3, NULL, NULL, 8, 1),
(1001, 'Mr.', 'Jukka', 'Malinen', 12, '1900-01-01', NULL, 9, 1),
(1002, 'Herr', 'Thorsten', 'Schneider', 2, '1900-01-01', NULL, 9, 1),
(1003, '', 'A', 'Sisson', 3, '1900-01-01', NULL, NULL, 1),
(1004, 'Sr.', 'Jordi', 'Verdugo', 9, '1900-01-01', NULL, 9, 1),
(1005, 'Herr', 'Thorsten', 'Gubisch', 2, '1900-01-01', NULL, 9, 1),
(1006, 'Sig.', 'Federico', 'Righetti', 1, '1900-01-01', NULL, 9, 1),
(1007, 'Ms', 'Irene', 'Pitcher', 3, NULL, NULL, 8, 1),
(1008, 'Pani', 'Krystyna', 'Maszlonka', 4, '1900-01-01', NULL, 8, 1),
(1009, 'Mej.', 'E', 'Rest', 7, '1900-01-01', NULL, 8, 1),
(1010, 'Miss', 'C', 'Moch', 3, NULL, NULL, 8, 1),
(1011, 'Sra.', 'Vanesa', 'Dominguez', 9, '1900-01-01', NULL, 8, 1),
(1012, '', '', 'Dassy', 5, '1900-01-01', NULL, NULL, 1),
(1013, 'Mevr.', 'Nathalie', 'Vandenbrouck', 7, '1900-01-01', NULL, 8, 1),
(1014, 'Ms', 'K', 'Lewis', 3, NULL, NULL, 8, 1),
(1015, 'Sr.', 'Delvino', 'Dominguez ferreira', 9, '1900-01-01', NULL, 9, 1),
(1016, 'Herr', 'Eckhard', 'Tack', 2, '1900-01-01', NULL, 9, 1),
(1017, 'Mr', 'Kevin', 'Smith', 3, NULL, NULL, 9, 1),
(1018, 'Frau', 'Petra', 'Müller petra', 2, NULL, NULL, 8, 1),
(1019, 'Mrs', 'P', 'Nsimba', 3, NULL, NULL, 8, 1),
(1020, 'Mr', 'Gerald', 'Irvine', 3, NULL, NULL, 9, 1),
(1021, 'Frau', 'Bettina', 'Rosigkeit', 2, NULL, NULL, 8, 1),
(1022, 'Ms.', 'Christina britt-sofi', 'Allgulander', 10, NULL, NULL, 8, 1),
(1023, 'Mr', 'Robert', 'Taylor', 3, NULL, NULL, NULL, 1),
(1024, 'Herr', 'Leonhard', 'Körlin', 2, '1900-01-01', NULL, 9, 1),
(1025, 'Frau', 'Heidi', 'Schmidt', 2, '1900-01-01', NULL, 8, 1),
(1026, 'Mr', '', 'Griffith', 3, NULL, NULL, NULL, 1),
(1027, 'Herr', 'Christian', 'Escher', 2, NULL, NULL, 9, 1),
(1028, 'Mr', 'S', 'Ali', 3, NULL, NULL, NULL, 1),
(1029, '', 'Monica', 'Santoni', 1, '1900-01-01', NULL, NULL, 1),
(1030, '', 'Rosano', 'Di maro', 1, '1900-01-01', NULL, NULL, 1),
(1031, 'Mr', 'B', 'Sibanda', 3, NULL, NULL, NULL, 1),
(1032, 'Mrs', '', 'Rushton', 3, '1900-01-01', NULL, 8, 1),
(1033, 'Mrs', 'D', 'Spencer', 3, '1900-01-01', NULL, 8, 1),
(1034, 'Herr', 'Albert', 'Volk', 2, '1900-01-01', NULL, 9, 1),
(1035, 'Frau', 'Svenja', 'Liefländer', 2, '1900-01-01', NULL, 8, 1),
(1036, 'Mr', 'D', 'Matthews', 3, NULL, NULL, 9, 1),
(1037, 'Mrs', 'S', 'Anderson', 3, NULL, NULL, 8, 1),
(1038, 'Fam.', '', 'Kop', 7, '1900-01-01', NULL, NULL, 1),
(1039, '', '', '', NULL, NULL, NULL, NULL, 1),
(1040, 'Pan', 'Adam', 'Szczur', 4, '1900-01-01', NULL, 9, 1),
(1041, 'Mr', 'Richard', 'Hunt', 3, NULL, NULL, NULL, 1),
(1042, 'Ms', '', 'Chang', 3, NULL, NULL, NULL, 1),
(1043, 'Mr', 'Malcolm', 'Randall', 3, '1900-01-01', NULL, 9, 1),
(1044, 'Monsieur', 'A', 'Stallaerts francoise', 5, '1900-01-01', NULL, 9, 1),
(1045, 'Frau', 'Herta', 'Scholze', 2, '1900-01-01', NULL, 8, 1),
(1046, 'Mrs', 'C', 'Cross', 3, NULL, NULL, 8, 1),
(1047, 'Firma', 'Kindertagessstätte', 'St nicolai', 2, '1900-01-01', NULL, NULL, 1),
(1048, '', 'Marek', 'Šuľan', 16, '1900-01-01', NULL, NULL, 1),
(1049, '', 'Gallicola', 'Chirico', 1, '1900-01-01', NULL, NULL, 1),
(1050, 'Madame', '', 'Mathys', 5, '1900-01-01', NULL, 8, 1),
(1051, 'Mrs', '', 'Wiliss', 3, NULL, NULL, NULL, 1),
(1052, 'Sig.ra', 'Santa maria', 'Mandala', 1, NULL, NULL, 8, 1),
(1053, 'Miss', 'Maria carmen', 'Lorenzo', 9, '1900-01-01', NULL, 8, 1),
(1054, 'Mrs', 'S', 'Patterson', 3, '1900-01-01', NULL, 8, 1),
(1055, 'Mr', 'A', 'Ali', 3, NULL, NULL, 9, 1),
(1056, 'Dr.', 'Giovanna', 'Turetta', 1, '1900-01-01', NULL, NULL, 1),
(1057, 'Dr.', 'Filippo', 'Marzullo', 1, '1900-01-01', NULL, NULL, 1),
(1058, 'Monsieur et  Madame', '', 'Goffaux', 5, NULL, NULL, NULL, 1),
(1059, 'Pani', 'Dorota', 'Mrozowska', 4, '1900-01-01', NULL, 8, 1),
(1060, 'Pan', '', 'Kalabis', 8, '1900-01-01', NULL, 9, 1),
(1061, 'Herr', 'Peter', 'Meurer', 2, '1900-01-01', NULL, 9, 1),
(1062, 'Mademoiselle', 'Helene', 'Torchard', 5, '1900-01-01', NULL, 8, 1),
(1063, '', '', 'Turbo', 5, '1900-01-01', NULL, NULL, 1),
(1064, '', 'Hilde', 'Elisabeth walstad', NULL, NULL, NULL, NULL, 1),
(1065, 'Mr', 'Barry', 'Seaman', 3, NULL, NULL, NULL, 1),
(1066, 'Mrs', 'J', 'Leek', 3, NULL, NULL, 8, 1),
(1067, 'Mr', '', 'Copping', 3, NULL, NULL, NULL, 1),
(1068, 'Herr', 'Alexander', 'Kelborm', 2, '1900-01-01', NULL, 9, 1),
(1069, '', 'Silvia', 'Romei', 1, '1900-01-01', NULL, 8, 1),
(1070, 'Frau', 'Doloris', 'Puscas', 2, '1900-01-01', NULL, 8, 1),
(1071, 'Ms', 'L', 'Rogers', 3, '1900-01-01', NULL, 8, 1),
(1072, 'Mademoiselle', 'Florence', 'Lacroix', 5, '1900-01-01', NULL, 8, 1),
(1073, '', 'Griffin', 'Honor', 3, '1900-01-01', NULL, NULL, 1),
(1074, 'Mr', 'M', 'Clayton', 3, NULL, NULL, NULL, 1),
(1075, 'Mr', 'Dylan', 'Williams', 3, NULL, NULL, NULL, 1),
(1076, 'Mrs', 'C', 'Webb', 3, NULL, NULL, 8, 1),
(1077, 'Mevr.', '', 'Van genechten', 7, '1900-01-01', NULL, 9, 1),
(1078, 'Monsieur', 'Michel', 'Maillet', 5, '1900-01-01', NULL, 9, 1),
(1079, 'Mrs', '', 'Blanchard', 3, '1900-01-01', NULL, 8, 1),
(1080, 'Mrs', 'D', 'Riley', 3, NULL, NULL, 8, 1),
(1081, 'Frau', 'Hasbije', 'Kadrija', 2, NULL, NULL, 8, 1),
(1082, 'Mrs', 'Roxanne', 'Mckale', 3, NULL, NULL, 8, 1),
(1083, 'Mrs', 'Mrs', 'Begum', 3, NULL, NULL, NULL, 1),
(1084, 'Sig.', 'Paolo', 'Girlanda', 1, '1900-01-01', NULL, 9, 1),
(1085, 'Mr', 'M', 'Scully', 3, '1900-01-01', NULL, 9, 1),
(1086, 'Sig.', 'Giovanni', 'Castagnola', 1, '1900-01-01', NULL, 9, 1),
(1087, 'Madame', 'Yvonne', 'Dault', 5, '1900-01-01', NULL, 8, 1),
(1088, 'Mr', 'W', 'Tomlinson', 3, NULL, NULL, NULL, 1),
(1089, 'Mr', 'J', 'Townsend', 3, NULL, NULL, NULL, 1),
(1090, 'Mrs', '', 'Brock', 3, NULL, NULL, NULL, 1),
(1091, '', '', 'Iper conad', 1, '1900-01-01', NULL, NULL, 1),
(1092, 'Frau', '', 'A0387337', 2, '1900-01-01', NULL, 8, 1),
(1093, 'Frau', 'Kerstin', 'Röder', 2, NULL, NULL, 8, 1),
(1094, '', 'Laurent', 'Moussy', 5, '1900-01-01', NULL, NULL, 1),
(1095, 'Herr', 'Günter', 'Röpnack', 2, '1900-01-01', NULL, 9, 1),
(1096, 'Miss', 'Shauna', 'Cameron', 3, NULL, NULL, 8, 1),
(1097, 'Monsieur', 'Daniel', 'Margot', 5, '1900-01-01', NULL, 9, 1),
(1098, 'Sr.', 'Maria virginia', 'Pimenta', 15, '1900-01-01', NULL, 9, 1),
(1099, 'Ms', 'Lisa', 'Henderson', 3, NULL, NULL, 8, 1),
(1100, 'Pan', 'Łukasz', 'Buczyński', 4, '1900-01-01', NULL, 9, 1),
(1101, 'Mr', 'D', 'Mcdonalds', 3, NULL, NULL, 9, 1),
(1102, 'Mrs', 'Samantha', 'Blackley', 3, NULL, NULL, NULL, 1),
(1103, 'Frau', 'Liselotte', 'Krapp', 2, '1900-01-01', NULL, 8, 1),
(1104, 'Miss', '', 'Buck', 3, NULL, NULL, NULL, 1),
(1105, '', '', 'Øyen kurt', 6, '1900-01-01', NULL, NULL, 1),
(1106, 'Mr', 'T', 'Napier', 3, NULL, NULL, 9, 1),
(1107, 'Frau', 'Clara', 'Stebner', 2, '1900-01-01', NULL, 8, 1),
(1108, 'Herr', 'Emre', 'Basaran', 2, '1900-01-01', NULL, 9, 1),
(1109, '', 'Souboul', 'Ekrame', 5, '1900-01-01', NULL, NULL, 1),
(1110, 'Frau', 'Luzia', 'Heider', 2, '1900-01-01', NULL, 8, 1),
(1111, 'Mrs', 'M', 'Bramwell', 3, NULL, NULL, NULL, 1),
(1112, 'Mrs', 'J', 'Jordan', 3, NULL, NULL, 8, 1),
(1113, 'Mevr.', 'F', 'Heerik', 7, '1900-01-01', NULL, 8, 1),
(1114, 'Frau', 'Charlotte', 'Prommnitz', 2, '1900-01-01', NULL, 8, 1),
(1115, 'Frau', 'Nadine', 'Jansen', 2, '1900-01-01', NULL, 8, 1),
(1116, 'Mrs', 'Samantha', 'Dussy', 3, NULL, NULL, 8, 1),
(1117, 'Sig.', 'Samantha', 'Mele', 1, NULL, NULL, 9, 1),
(1118, 'Mrs', 'M', 'Palmer', 3, NULL, NULL, NULL, 1),
(1119, 'Frau', 'Gisela', 'Trakowski', 2, '1900-01-01', NULL, 8, 1),
(1120, 'Mr.', 'Vidar', 'Hansen', 6, '1900-01-01', NULL, 9, 1),
(1121, 'Mr', 'A', 'Miller', 3, NULL, NULL, 9, 1),
(1122, 'Sig.', 'Renato', 'Argenio', 1, '1900-01-01', NULL, 9, 1),
(1123, 'Frau', 'Karin', 'Beyer', 2, '1900-01-01', NULL, 8, 1),
(1124, '', 'Sebastiano', 'Barotto', 1, '1900-01-01', NULL, 9, 1),
(1125, 'Mr', 'B', 'Butt', 3, NULL, NULL, NULL, 1),
(1126, '', 'Sig', 'Di nardo', 1, '1900-01-01', NULL, 9, 1),
(1127, 'Madame', 'Maria', 'Nelissen', 5, '1900-01-01', NULL, 8, 1),
(1128, 'Miss', 'A', 'Graham', 3, NULL, NULL, NULL, 1),
(1129, 'Ms', 'Victoria', 'Otneg', 3, NULL, NULL, 8, 1),
(1130, 'Mrs', 'Lilian', 'Pryde', 3, NULL, NULL, 8, 1),
(1131, 'Mrs', 'Nicola', 'Cater', 3, NULL, NULL, NULL, 1),
(1132, '', 'Britt-anita', 'J engelsjord', 6, '1900-01-01', NULL, NULL, 1),
(1133, '', '', '', NULL, NULL, NULL, NULL, 1),
(1134, 'Frau', 'Ralf', 'Rauch', 2, '1900-01-01', NULL, 8, 1),
(1135, 'Mrs', 'G', 'Galloway', 3, NULL, NULL, 8, 1),
(1136, 'Frau', '', 'A0246546', 2, '1900-01-01', NULL, 8, 1),
(1137, 'Herr', 'Karl-heinz', 'Gruber', 2, '1900-01-01', NULL, 9, 1),
(1138, 'Mrs', '', 'Clarkeson', 3, NULL, NULL, NULL, 1),
(1139, 'Pan', 'Grzegorz', 'Sitkowski', 4, '1900-01-01', NULL, 9, 1),
(1140, 'Miss', 'A', 'Crawford', 3, NULL, NULL, NULL, 1),
(1141, 'Madame', 'Christine', 'Charles', 5, '1900-01-01', NULL, 8, 1),
(1142, 'Sig.', '', 'Brogelli', 1, '1900-01-01', NULL, 9, 1),
(1143, 'Mrs', '', 'Mckillop', 3, NULL, NULL, NULL, 1),
(1144, 'Mr', 'E', 'Crane', 3, NULL, NULL, NULL, 1),
(1145, '', '', 'Cossu', 5, '1900-01-01', NULL, NULL, 1),
(1146, '', 'Jakub', 'Hájek', 8, '1900-01-01', NULL, NULL, 1),
(1147, 'Herr', 'Temel', 'Sahin', 2, '1900-01-01', NULL, 9, 1),
(1148, 'Miss', 'H', 'Sealey', 3, NULL, NULL, 8, 1),
(1149, 'Sig.ra', 'Cristina', 'Pozzi', 1, '1900-01-01', NULL, 8, 1),
(1150, 'Mrs', '', 'Spencer', 3, '1900-01-01', NULL, 8, 1),
(1151, 'Mrs', 'Im', 'Gray', 3, '1900-01-01', NULL, 8, 1),
(1152, 'Miss', 'Chloe', 'Morris', 3, NULL, NULL, NULL, 1),
(1153, 'Mr', 'W', 'B', 3, NULL, NULL, 9, 1),
(1154, 'Dr.', 'Merendoni', 'Mistri', 1, '1900-01-01', NULL, NULL, 1);

-- --------------------------------------------------------

--
-- Структура таблицы `gender`
--

CREATE TABLE `gender` (
  `id` tinyint(2) NOT NULL,
  `name` varchar(32) CHARACTER SET utf8mb4 COLLATE utf8mb4_general_ci NOT NULL,
  `sort_order` tinyint(3) NOT NULL DEFAULT '0',
  `status` tinyint(1) NOT NULL DEFAULT '1',
  `created_at` timestamp NOT NULL DEFAULT CURRENT_TIMESTAMP,
  `updated_at` timestamp NOT NULL DEFAULT CURRENT_TIMESTAMP
) ENGINE=InnoDB DEFAULT CHARSET=utf8mb4 COLLATE=utf8mb4_general_ci;

--
-- Дамп данных таблицы `gender`
--

INSERT INTO `gender` (`id`, `name`, `sort_order`, `status`) VALUES
(8, 'Female', 0, 1),
(9, 'Male', 0, 1);

-- --------------------------------------------------------

--
-- Структура таблицы `language`
--

CREATE TABLE `language` (
  `id` tinyint(3) NOT NULL,
  `name` varchar(32) CHARACTER SET utf8mb4 COLLATE utf8mb4_general_ci NOT NULL,
  `code` varchar(5) CHARACTER SET utf8mb4 COLLATE utf8mb4_general_ci NOT NULL,
  `sort_order` tinyint(3) NOT NULL DEFAULT '0',
  `status` tinyint(1) NOT NULL DEFAULT '1',
  `created_at` timestamp NOT NULL DEFAULT CURRENT_TIMESTAMP,
  `updated_at` timestamp NOT NULL DEFAULT CURRENT_TIMESTAMP
) ENGINE=InnoDB DEFAULT CHARSET=utf8mb4 COLLATE=utf8mb4_general_ci;

--
-- Дамп данных таблицы `language`
--

INSERT INTO `language` (`id`, `name`, `code`, `sort_order`, `status`) VALUES
(1, 'IT', 'IT', 0, 1),
(2, 'DE', 'DE', 0, 1),
(3, 'EN', 'EN', 0, 1),
(4, 'PL', 'PL', 0, 1),
(5, 'FR', 'FR', 0, 1),
(6, 'NO', 'NO', 0, 1),
(7, 'NL', 'NL', 0, 1),
(8, 'CS', 'CS', 0, 1),
(9, 'ES', 'ES', 0, 1),
(10, 'SV', 'SV', 0, 1),
(11, 'HU', 'HU', 0, 1),
(12, 'FI', 'FI', 0, 1),
(13, 'UK', 'UK', 0, 1),
(14, 'RO', 'RO', 0, 1),
(15, 'PT', 'PT', 0, 1),
(16, 'SK', 'SK', 0, 1),
(17, 'DA', 'DA', 0, 1);

-- --------------------------------------------------------

--
-- Структура таблицы `marital_status`
--

CREATE TABLE `marital_status` (
  `id` tinyint(1) NOT NULL,
  `name` varchar(32) CHARACTER SET utf8mb4 COLLATE utf8mb4_general_ci NOT NULL,
  `sort_order` tinyint(3) NOT NULL DEFAULT '0',
  `status` tinyint(1) NOT NULL DEFAULT '1',
  `created_at` timestamp NOT NULL DEFAULT CURRENT_TIMESTAMP,
  `updated_at` timestamp NOT NULL DEFAULT CURRENT_TIMESTAMP
) ENGINE=InnoDB DEFAULT CHARSET=utf8mb4 COLLATE=utf8mb4_general_ci;

-- --------------------------------------------------------

--
-- Структура таблицы `region`
--

CREATE TABLE `region` (
  `id` int(11) NOT NULL,
  `country_id` int(11) DEFAULT NULL,
  `sort_order` int(11) NOT NULL DEFAULT '0',
  `name` varchar(128) CHARACTER SET utf8mb4 COLLATE utf8mb4_general_ci NOT NULL,
  `code` varchar(32) CHARACTER SET utf8mb4 COLLATE utf8mb4_general_ci DEFAULT NULL,
  `status` tinyint(1) NOT NULL DEFAULT '1',
  `created_at` timestamp NOT NULL DEFAULT CURRENT_TIMESTAMP,
  `updated_at` timestamp NOT NULL DEFAULT CURRENT_TIMESTAMP
) ENGINE=InnoDB DEFAULT CHARSET=utf8mb4 COLLATE=utf8mb4_general_ci;

--
-- Дамп данных таблицы `region`
--

INSERT INTO `region` (`id`, `country_id`, `sort_order`, `name`, `code`, `status`) VALUES
(1, 2, 0, 'East sussex', 'East sussex', 1),
(2, 1, 0, 'Ancona', 'Ancona', 1),
(3, 2, 0, 'Cornwall', 'Cornwall', 1),
(4, 2, 0, 'Surrey', 'Surrey', 1),
(5, 7, 0, 'Offaly', 'Offaly', 1),
(6, 9, 0, 'Utrecht', 'Utrecht', 1),
(7, 1, 0, 'Piacenza', 'Piacenza', 1),
(8, 2, 0, 'West midlands', 'West midlands', 1),
(9, 2, 0, 'Clwyd', 'Clwyd', 1),
(10, 2, 0, 'Hampshire', 'Hampshire', 1),
(11, 1, 0, 'Varese', 'Varese', 1),
(12, 7, 0, 'Donegal', 'Donegal', 1),
(13, 1, 0, 'Lecce', 'Lecce', 1),
(14, 1, 0, 'Reggio calabria', 'Reggio calabria', 1),
(15, 7, 0, 'Limerick', 'Limerick', 1),
(16, 14, 0, 'Vmm - no state', 'Vmm - no state', 1),
(17, 1, 0, 'Pavia', 'Pavia', 1),
(18, 2, 0, 'Kent', 'Kent', 1),
(19, 2, 0, 'Staffordshire', 'Staffordshire', 1),
(20, 1, 0, 'Bergamo', 'Bergamo', 1),
(21, 1, 0, 'Brescia', 'Brescia', 1),
(22, 5, 0, 'Transportzone 1', 'Transportzone 1', 1),
(23, 1, 0, 'Milan', 'Milan', 1),
(24, 7, 0, 'Cork', 'Cork', 1),
(25, 2, 0, 'Hertfordshire', 'Hertfordshire', 1),
(26, 2, 0, 'Ayrshire', 'Ayrshire', 1),
(27, 2, 0, 'Essex', 'Essex', 1),
(28, 2, 0, 'Warwickshire', 'Warwickshire', 1),
(29, 2, 0, 'Lincolnshire', 'Lincolnshire', 1),
(30, 7, 0, 'Galway', 'Galway', 1),
(31, 2, 0, 'Fife', 'Fife', 1),
(32, 2, 0, 'North yorkshire', 'North yorkshire', 1),
(33, 1, 0, 'Bologna', 'Bologna', 1),
(34, 2, 0, 'Berkshire', 'Berkshire', 1),
(35, 2, 0, 'Gwynedd', 'Gwynedd', 1),
(36, 2, 0, 'South yorkshire', 'South yorkshire', 1),
(37, 1, 0, 'Viterbo', 'Viterbo', 1),
(38, 2, 0, 'Cambridgeshire', 'Cambridgeshire', 1),
(39, 1, 0, 'Novara', 'Novara', 1),
(40, 2, 0, 'County tyrone', 'County tyrone', 1),
(41, 3, 0, 'Trier', 'Trier', 1),
(42, 1, 0, 'Vicenza', 'Vicenza', 1),
(43, 1, 0, 'Monza e brianza', 'Monza e brianza', 1),
(44, 2, 0, 'Norfolk', 'Norfolk', 1),
(45, 2, 0, 'Morayshire', 'Morayshire', 1),
(46, 7, 0, 'Dublin', 'Dublin', 1),
(47, 1, 0, 'Mantova', 'Mantova', 1),
(48, 2, 0, 'West sussex', 'West sussex', 1),
(49, 2, 0, 'Shropshire', 'Shropshire', 1),
(50, 2, 0, 'Dyfed', 'Dyfed', 1),
(51, 17, 0, 'Cluj', 'Cluj', 1),
(52, 1, 0, 'Cosenza', 'Cosenza', 1),
(53, 2, 0, 'Northamptonshire', 'Northamptonshire', 1),
(54, 2, 0, 'South glamorgan', 'South glamorgan', 1),
(55, 1, 0, 'Naples', 'Naples', 1),
(56, 1, 0, 'Latina', 'Latina', 1),
(57, 1, 0, 'Verona', 'Verona', 1),
(58, 1, 0, 'Turin', 'Turin', 1),
(59, 1, 0, 'Palermo', 'Palermo', 1),
(60, 16, 0, 'Mikolaivs\'ka', 'Mikolaivs\'ka', 1),
(61, 2, 0, 'Derbyshire', 'Derbyshire', 1),
(62, 2, 0, 'Merseyside', 'Merseyside', 1),
(63, 2, 0, 'Gloucestershire', 'Gloucestershire', 1),
(64, 1, 0, 'Florence', 'Florence', 1),
(65, 16, 0, 'Donets\'ka', 'Donets\'ka', 1),
(66, 1, 0, 'Pescara', 'Pescara', 1),
(67, 2, 0, 'Lancashire', 'Lancashire', 1),
(68, 1, 0, 'Genova', 'Genova', 1),
(69, 2, 0, 'Cleveland', 'Cleveland', 1),
(70, 2, 0, 'West yorkshire', 'West yorkshire', 1),
(71, 2, 0, 'Renfrewshire', 'Renfrewshire', 1),
(72, 2, 0, 'Cheshire', 'Cheshire', 1),
(73, 1, 0, 'Rome', 'Rome', 1),
(74, 2, 0, 'Nottinghamshire', 'Nottinghamshire', 1),
(75, 1, 0, 'Venice', 'Venice', 1),
(76, 2, 0, 'Devon', 'Devon', 1),
(77, 3, 0, 'Dortmund', 'Dortmund', 1),
(78, 2, 0, 'Suffolk', 'Suffolk', 1),
(79, 2, 0, 'Dorset', 'Dorset', 1),
(80, 1, 0, 'Crotone', 'Crotone', 1),
(81, 1, 0, 'Arezzo', 'Arezzo', 1),
(82, 2, 0, 'Powys', 'Powys', 1),
(83, 2, 0, 'County down', 'County down', 1),
(84, 1, 0, 'Pordenone', 'Pordenone', 1),
(85, 1, 0, 'Rimini', 'Rimini', 1),
(86, 2, 0, 'Cumbria', 'Cumbria', 1),
(87, 17, 0, 'Iasi', 'Iasi', 1),
(88, 2, 0, 'Wiltshire', 'Wiltshire', 1),
(89, 1, 0, 'Savona', 'Savona', 1),
(90, 1, 0, 'Perugia', 'Perugia', 1),
(91, 2, 0, 'Avon', 'Avon', 1),
(92, 1, 0, 'Salerno', 'Salerno', 1),
(93, 7, 0, 'Longford', 'Longford', 1),
(94, 7, 0, 'Wicklow', 'Wicklow', 1),
(95, 1, 0, 'Catania', 'Catania', 1),
(96, 7, 0, 'Waterford', 'Waterford', 1),
(97, 1, 0, 'Macerata', 'Macerata', 1),
(98, 2, 0, 'Somerset', 'Somerset', 1),
(99, 2, 0, 'Mid glamorgan', 'Mid glamorgan', 1),
(100, 1, 0, 'Padova', 'Padova', 1),
(101, 7, 0, 'Kildare', 'Kildare', 1),
(102, 1, 0, 'Trento', 'Trento', 1),
(103, 2, 0, 'Leicestershire', 'Leicestershire', 1),
(104, 1, 0, 'Caserta', 'Caserta', 1),
(105, 2, 0, 'Northumberland', 'Northumberland', 1),
(106, 2, 0, 'County durham', 'County durham', 1),
(107, 2, 0, 'Midlothian', 'Midlothian', 1),
(108, 2, 0, 'Middlesex', 'Middlesex', 1),
(109, 1, 0, 'Cremona', 'Cremona', 1),
(110, 1, 0, 'Cuneo', 'Cuneo', 1),
(111, 7, 0, 'Louth', 'Louth', 1),
(112, 2, 0, 'County antrim', 'County antrim', 1);

--
-- Индексы сохранённых таблиц
--

--
-- Индексы таблицы `address`
--
ALTER TABLE `address`
  ADD PRIMARY KEY (`id`),
  ADD KEY `customer_id` (`customer_id`),
  ADD KEY `country_id` (`country_id`),
  ADD KEY `region_id` (`region_id`),
  ADD KEY `city_id` (`city_id`);

--
-- Индексы таблицы `city`
--
ALTER TABLE `city`
  ADD PRIMARY KEY (`id`),
  ADD KEY `region_id` (`region_id`);

--
-- Индексы таблицы `country`
--
ALTER TABLE `country`
  ADD PRIMARY KEY (`id`);

--
-- Индексы таблицы `customer`
--
ALTER TABLE `customer`
  ADD PRIMARY KEY (`id`),
  ADD KEY `correspondence_language_id` (`correspondence_language_id`),
  ADD KEY `marital_status_id` (`marital_status_id`),
  ADD KEY `gender_id` (`gender_id`);

--
-- Индексы таблицы `gender`
--
ALTER TABLE `gender`
  ADD PRIMARY KEY (`id`);

--
-- Индексы таблицы `language`
--
ALTER TABLE `language`
  ADD PRIMARY KEY (`id`);

--
-- Индексы таблицы `marital_status`
--
ALTER TABLE `marital_status`
  ADD PRIMARY KEY (`id`);

--
-- Индексы таблицы `region`
--
ALTER TABLE `region`
  ADD PRIMARY KEY (`id`);

--
-- AUTO_INCREMENT для сохранённых таблиц
--

--
-- AUTO_INCREMENT для таблицы `address`
--
ALTER TABLE `address`
  MODIFY `id` int(11) NOT NULL AUTO_INCREMENT, AUTO_INCREMENT=2559;

--
-- AUTO_INCREMENT для таблицы `city`
--
ALTER TABLE `city`
  MODIFY `id` int(11) NOT NULL AUTO_INCREMENT, AUTO_INCREMENT=1024;

--
-- AUTO_INCREMENT для таблицы `country`
--
ALTER TABLE `country`
  MODIFY `id` int(11) NOT NULL AUTO_INCREMENT, AUTO_INCREMENT=32;

--
-- AUTO_INCREMENT для таблицы `customer`
--
ALTER TABLE `customer`
  MODIFY `id` int(11) NOT NULL AUTO_INCREMENT, AUTO_INCREMENT=2048;

--
-- AUTO_INCREMENT для таблицы `gender`
--
ALTER TABLE `gender`
  MODIFY `id` tinyint(2) NOT NULL AUTO_INCREMENT, AUTO_INCREMENT=11;

--
-- AUTO_INCREMENT для таблицы `language`
--
ALTER TABLE `language`
  MODIFY `id` tinyint(3) NOT NULL AUTO_INCREMENT, AUTO_INCREMENT=32;

--
-- AUTO_INCREMENT для таблицы `marital_status`
--
ALTER TABLE `marital_status`
  MODIFY `id` tinyint(1) NOT NULL AUTO_INCREMENT;

--
-- AUTO_INCREMENT для таблицы `region`
--
ALTER TABLE `region`
  MODIFY `id` int(11) NOT NULL AUTO_INCREMENT, AUTO_INCREMENT=128;

--
-- Ограничения внешнего ключа сохраненных таблиц
--

--
-- Ограничения внешнего ключа таблицы `address`
--
ALTER TABLE `address`
  ADD CONSTRAINT `address_ibfk_1` FOREIGN KEY (`customer_id`) REFERENCES `customer` (`id`) ON DELETE CASCADE ON UPDATE CASCADE,
  ADD CONSTRAINT `address_ibfk_2` FOREIGN KEY (`country_id`) REFERENCES `country` (`id`) ON DELETE SET NULL ON UPDATE CASCADE,
  ADD CONSTRAINT `address_ibfk_3` FOREIGN KEY (`region_id`) REFERENCES `region` (`id`) ON DELETE SET NULL ON UPDATE CASCADE,
  ADD CONSTRAINT `address_ibfk_4` FOREIGN KEY (`city_id`) REFERENCES `city` (`id`) ON DELETE SET NULL ON UPDATE CASCADE;

--
-- Ограничения внешнего ключа таблицы `city`
--
ALTER TABLE `city`
  ADD CONSTRAINT `city_ibfk_1` FOREIGN KEY (`region_id`) REFERENCES `region` (`id`) ON DELETE SET NULL ON UPDATE CASCADE;

--
-- Ограничения внешнего ключа таблицы `customer`
--
ALTER TABLE `customer`
  ADD CONSTRAINT `customer_ibfk_1` FOREIGN KEY (`correspondence_language_id`) REFERENCES `language` (`id`) ON DELETE SET NULL ON UPDATE CASCADE,
  ADD CONSTRAINT `customer_ibfk_2` FOREIGN KEY (`marital_status_id`) REFERENCES `marital_status` (`id`) ON DELETE SET NULL ON UPDATE CASCADE,
  ADD CONSTRAINT `customer_ibfk_3` FOREIGN KEY (`gender_id`) REFERENCES `gender` (`id`) ON DELETE SET NULL ON UPDATE CASCADE;
COMMIT;

/*!40101 SET CHARACTER_SET_CLIENT=@OLD_CHARACTER_SET_CLIENT */;
/*!40101 SET CHARACTER_SET_RESULTS=@OLD_CHARACTER_SET_RESULTS */;
/*!40101 SET COLLATION_CONNECTION=@OLD_COLLATION_CONNECTION */;
